date,sampling_session,population,water_access,altitude (m),delta_abundance (%),Tmin,Tmax ,individual_ID,hour,sex,age_class,snout_vent_length (mm),body_mass (g),parturition_date,reproductive_timing,litter_size,litter_mass (g),corticosterone (ng/ml)
5/28/2015,early_summer,CAR,permanent,1047,-64.83,11.61,27.31,1,10:55,F,yearling,46,NA,NA,NA,NA,NA,22.9
5/28/2015,early_summer,CAR,permanent,1047,-64.83,11.61,27.31,4,11:50,F,adult,65,NA,NA,NA,NA,NA,18.73
5/28/2015,early_summer,CAR,permanent,1047,-64.83,11.61,27.31,5,11:55,M,yearling,48,NA,NA,NA,NA,NA,1.52
5/28/2015,early_summer,CAR,permanent,1047,-64.83,11.61,27.31,6,14:27,M,adult,55,NA,NA,NA,NA,NA,18.62
5/28/2015,early_summer,CAR,permanent,1047,-64.83,11.61,27.31,7,15:30,F,yearling,49,NA,NA,NA,NA,NA,8.27
5/28/2015,early_summer,CAR,permanent,1047,-64.83,11.61,27.31,8,15:55,M,yearling,NA,NA,NA,NA,NA,NA,0.7
5/28/2015,early_summer,CAR,permanent,1047,-64.83,11.61,27.31,9,16:00,F,yearling,50,NA,NA,NA,NA,NA,13.65
5/28/2015,early_summer,CAR,permanent,1047,-64.83,11.61,27.31,10,14:30,M,yearling,47,NA,NA,NA,NA,NA,119.42
5/30/2015,early_summer,CAR,permanent,1047,-64.83,11.61,27.31,11,11:00,M,yearling,50,NA,NA,NA,NA,NA,11.19
5/30/2015,early_summer,CAR,permanent,1047,-64.83,11.61,27.31,12,11:15,F,adult,68,NA,NA,NA,NA,NA,20
5/30/2015,early_summer,CAR,permanent,1047,-64.83,11.61,27.31,13,11:25,M,yearling,49,NA,NA,NA,NA,NA,15.92
5/30/2015,early_summer,CAR,permanent,1047,-64.83,11.61,27.31,14,11:35,F,adult,63,NA,NA,NA,NA,NA,21.46
5/30/2015,early_summer,CAR,permanent,1047,-64.83,11.61,27.31,15,11:40,M,yearling,48,NA,NA,NA,NA,NA,10.94
5/30/2015,early_summer,CAR,permanent,1047,-64.83,11.61,27.31,16,11:50,M,adult,57,NA,NA,NA,NA,NA,23.66
5/30/2015,early_summer,CAR,permanent,1047,-64.83,11.61,27.31,17,11:55,M,yearling,55,NA,NA,NA,NA,NA,26.73
5/30/2015,early_summer,CAR,permanent,1047,-64.83,11.61,27.31,18,12:03,M,yearling,49,NA,NA,NA,NA,NA,9.86
5/30/2015,early_summer,CAR,permanent,1047,-64.83,11.61,27.31,19,12:25,F,adult,63,NA,NA,NA,NA,NA,11.32
5/30/2015,early_summer,CAR,permanent,1047,-64.83,11.61,27.31,20,12:50,M,yearling,47,NA,NA,NA,NA,NA,6.65
5/30/2015,early_summer,CAR,permanent,1047,-64.83,11.61,27.31,21,13:20,F,adult,49,NA,NA,NA,NA,NA,27.88
5/30/2015,early_summer,CAR,permanent,1047,-64.83,11.61,27.31,22,13:50,F,adult,66,NA,NA,NA,NA,NA,6.06
5/30/2015,early_summer,CAR,permanent,1047,-64.83,11.61,27.31,23,14:00,M,yearling,47,NA,NA,NA,NA,NA,11.38
5/30/2015,early_summer,CAR,permanent,1047,-64.83,11.61,27.31,24,14:10,F,yearling,45,NA,NA,NA,NA,NA,20.5
5/30/2015,early_summer,CAR,permanent,1047,-64.83,11.61,27.31,25,14:15,F,adult,66,NA,NA,NA,NA,NA,18.44
5/30/2015,early_summer,CAR,permanent,1047,-64.83,11.61,27.31,26,14:15,M,adult,55,NA,NA,NA,NA,NA,10.09
5/30/2015,early_summer,CAR,permanent,1047,-64.83,11.61,27.31,27,14:20,M,yearling,53,NA,NA,NA,NA,NA,25.86
5/30/2015,early_summer,CAR,permanent,1047,-64.83,11.61,27.31,28,14:35,F,adult,47,NA,NA,NA,NA,NA,16.44
5/30/2015,early_summer,CAR,permanent,1047,-64.83,11.61,27.31,29,14:40,M,yearling,47,NA,NA,NA,NA,NA,13.78
5/30/2015,early_summer,CAR,permanent,1047,-64.83,11.61,27.31,30,14:45,F,adult,73,NA,NA,NA,NA,NA,28.2
5/30/2015,early_summer,CAR,permanent,1047,-64.83,11.61,27.31,31,14:50,F,adult,60,NA,NA,NA,NA,NA,17.01
5/30/2015,early_summer,CAR,permanent,1047,-64.83,11.61,27.31,32,14:50,M,adult,60,NA,NA,NA,NA,NA,48.94
5/30/2015,early_summer,CAR,permanent,1047,-64.83,11.61,27.31,33,14:55,F,yearling,50,NA,NA,NA,NA,NA,13.46
5/30/2015,early_summer,CAR,permanent,1047,-64.83,11.61,27.31,35,15:05,F,adult,53,NA,NA,NA,NA,NA,20.03
5/30/2015,early_summer,CAR,permanent,1047,-64.83,11.61,27.31,36,15:15,F,yearling,55,NA,NA,NA,NA,NA,17.29
5/30/2015,early_summer,CAR,permanent,1047,-64.83,11.61,27.31,37,15:18,M,adult,NA,NA,NA,NA,NA,NA,42.78
6/18/2015,early_summer,MON,permanent,1049,-66.28,11.42,33.13,38,11:08,M,yearling,51,2.7,NA,NA,NA,NA,13.65
6/18/2015,early_summer,MON,permanent,1049,-66.28,11.42,33.13,39,11:20,F,adult,60.5,3.261,6/28/2015,-10,0,0,53.69
6/18/2015,early_summer,MON,permanent,1049,-66.28,11.42,33.13,40,11:25,M,yearling,52,3.054,NA,NA,NA,NA,15.69
6/18/2015,early_summer,MON,permanent,1049,-66.28,11.42,33.13,41,11:28,M,yearling,51,2.756,NA,NA,NA,NA,22.17
6/18/2015,early_summer,MON,permanent,1049,-66.28,11.42,33.13,42,11:39,F,adult,69,6.713,6/29/2015,-11,10,1.402,64.52
6/18/2015,early_summer,MON,permanent,1049,-66.28,11.42,33.13,43,11:45,F,adult,68,7.187,7/4/2015,-16,11,1.877,67.4
6/18/2015,early_summer,MON,permanent,1049,-66.28,11.42,33.13,45,12:10,F,adult,61,3.864,7/9/2015,-21,0,0,31.7
6/18/2015,early_summer,MON,permanent,1049,-66.28,11.42,33.13,46,12:13,F,yearling,53,2.3,NA,NA,NA,NA,6.55
6/18/2015,early_summer,MON,permanent,1049,-66.28,11.42,33.13,47,13:25,F,adult,55,2.938,7/18/2015,-30,3,0.38,35.06
6/18/2015,early_summer,MON,permanent,1049,-66.28,11.42,33.13,48,13:30,F,adult,57,2.611,7/22/2015,-34,1,0.148,25.46
6/18/2015,early_summer,MON,permanent,1049,-66.28,11.42,33.13,49,13:40,M,yearling,52,3.35,NA,NA,NA,NA,4.44
6/18/2015,early_summer,MON,permanent,1049,-66.28,11.42,33.13,50,13:40,M,adult,56,3.772,NA,NA,NA,NA,9.81
6/18/2015,early_summer,MON,permanent,1049,-66.28,11.42,33.13,51,13:55,M,yearling,50,2.85,NA,NA,NA,NA,8.5
6/18/2015,early_summer,MON,permanent,1049,-66.28,11.42,33.13,52,14:25,M,adult,55,3.485,NA,NA,NA,NA,11.65
6/18/2015,early_summer,MON,permanent,1049,-66.28,11.42,33.13,53,14:45,M,yearling,52,3.25,NA,NA,NA,NA,4.2
6/18/2015,early_summer,MON,permanent,1049,-66.28,11.42,33.13,54,15:45,M,yearling,52,3,NA,NA,NA,NA,6.88
6/18/2015,early_summer,MON,permanent,1049,-66.28,11.42,33.13,55,16:10,M,yearling,52,2.55,NA,NA,NA,NA,7.44
6/18/2015,early_summer,MON,permanent,1049,-66.28,11.42,33.13,56,16:25,F,yearling,57,3.4,NA,NA,NA,NA,8.59
6/18/2015,early_summer,MON,permanent,1049,-66.28,11.42,33.13,57,16:30,F,adult,68,7.028,6/30/2015,-12,6,0.794,23.81
6/18/2015,early_summer,MON,permanent,1049,-66.28,11.42,33.13,58,16:40,F,adult,57,3.259,NA,NA,NA,NA,23.95
6/19/2015,early_summer,MON,permanent,1049,-66.28,11.42,33.13,59,11:10,F,adult,59,3.659,7/13/2015,-24,3,0.668,29.23
6/19/2015,early_summer,MON,permanent,1049,-66.28,11.42,33.13,60,11:13,M,yearling,50,3.1,NA,NA,NA,NA,8.21
6/19/2015,early_summer,MON,permanent,1049,-66.28,11.42,33.13,61,11:15,M,yearling,52,2.45,NA,NA,NA,NA,16.4
6/19/2015,early_summer,MON,permanent,1049,-66.28,11.42,33.13,62,11:25,M,yearling,50,3.3,NA,NA,NA,NA,2.75
6/19/2015,early_summer,MON,permanent,1049,-66.28,11.42,33.13,63,11:30,F,adult,62,4.543,6/28/2015,-9,5,0.759,27.62
6/19/2015,early_summer,MON,permanent,1049,-66.28,11.42,33.13,64,11:45,M,yearling,50,2.7,NA,NA,NA,NA,22.24
6/19/2015,early_summer,MON,permanent,1049,-66.28,11.42,33.13,65,11:45,F,adult,68,6.936,6/27/2015,-8,9,1.388,22.53
6/19/2015,early_summer,MON,permanent,1049,-66.28,11.42,33.13,66,12:10,M,yearling,50,2.7,NA,NA,NA,NA,27
6/19/2015,early_summer,MON,permanent,1049,-66.28,11.42,33.13,67,12:15,M,yearling,49,2.85,NA,NA,NA,NA,17.89
6/19/2015,early_summer,MON,permanent,1049,-66.28,11.42,33.13,68,12:30,F,adult,57,3.721,7/17/2015,-28,2,0.26,25.17
6/19/2015,early_summer,MON,permanent,1049,-66.28,11.42,33.13,69,13:15,F,adult,67,6.665,7/1/2015,-12,9,1.407,40.67
6/19/2015,early_summer,MON,permanent,1049,-66.28,11.42,33.13,70,13:35,M,yearling,50,2.5,NA,NA,NA,NA,34.49
6/19/2015,early_summer,MON,permanent,1049,-66.28,11.42,33.13,71,13:38,M,yearling,52,3.1,NA,NA,NA,NA,13.15
6/19/2015,early_summer,MON,permanent,1049,-66.28,11.42,33.13,72,14:00,M,yearling,51,3,NA,NA,NA,NA,6.12
6/19/2015,early_summer,MON,permanent,1049,-66.28,11.42,33.13,74,14:10,F,yearling,53,2.9,NA,NA,NA,NA,18.76
6/19/2015,early_summer,MON,permanent,1049,-66.28,11.42,33.13,75,14:10,F,adult,66,6.473,6/28/2015,-9,8,1.285,45.21
6/19/2015,early_summer,MON,permanent,1049,-66.28,11.42,33.13,76,14:15,F,yearling,55,2.45,NA,NA,NA,NA,65.35
6/19/2015,early_summer,MON,permanent,1049,-66.28,11.42,33.13,77,14:15,M,adult,58,3.5,NA,NA,NA,NA,33.31
6/19/2015,early_summer,MON,permanent,1049,-66.28,11.42,33.13,78,14:25,M,adult,53,3.1,NA,NA,NA,NA,10.86
6/19/2015,early_summer,MON,permanent,1049,-66.28,11.42,33.13,79,15:05,F,yearling,55,3.25,NA,NA,NA,NA,0.67
6/19/2015,early_summer,MON,permanent,1049,-66.28,11.42,33.13,80,15:45,M,adult,56,3.5,NA,NA,NA,NA,3.12
6/19/2015,early_summer,MON,permanent,1049,-66.28,11.42,33.13,81,16:00,F,adult,62,4.435,7/6/2015,-17,6,0.832,32.49
6/19/2015,early_summer,MON,permanent,1049,-66.28,11.42,33.13,82,16:05,F,adult,68,6.651,7/6/2015,-17,8,1.329,78.06
6/19/2015,early_summer,MON,permanent,1049,-66.28,11.42,33.13,83,16:10,M,yearling,47,2.5,NA,NA,NA,NA,5.91
6/19/2015,early_summer,MON,permanent,1049,-66.28,11.42,33.13,85,16:25,F,adult,56,3.183,7/7/2015,-18,0,0,17.62
6/19/2015,early_summer,MON,permanent,1049,-66.28,11.42,33.13,86,16:30,M,adult,56,3.7,NA,NA,NA,NA,23.37
6/19/2015,early_summer,VIA,permanent,1141,30.43,8.53,35.45,80,11:00,M,adult,56,3.505,NA,NA,NA,NA,38.73
6/19/2015,early_summer,VIA,permanent,1141,30.43,8.53,35.45,81,11:05,M,yearling,50,1.8,NA,NA,NA,NA,10.88
6/19/2015,early_summer,VIA,permanent,1141,30.43,8.53,35.45,82,11:10,M,adult,56,3.858,NA,NA,NA,NA,21.16
6/19/2015,early_summer,VIA,permanent,1141,30.43,8.53,35.45,83,11:15,F,adult,61,4.527,7/8/2015,-19,3,0.542,66.98
6/19/2015,early_summer,VIA,permanent,1141,30.43,8.53,35.45,84,11:20,F,adult,62,4.807,7/12/2015,-23,5,1.008,92.91
6/19/2015,early_summer,VIA,permanent,1141,30.43,8.53,35.45,85,11:25,F,adult,58,3.711,7/13/2015,-24,2,0.374,51.24
6/19/2015,early_summer,VIA,permanent,1141,30.43,8.53,35.45,86,11:30,F,adult,55,3.466,7/15/2015,-26,4,0.503,40.36
6/19/2015,early_summer,VIA,permanent,1141,30.43,8.53,35.45,87,11:35,M,adult,56,3.883,NA,NA,NA,NA,1.65
6/19/2015,early_summer,VIA,permanent,1141,30.43,8.53,35.45,SV1,12:00,F,yearling,48,1.6,NA,NA,NA,NA,13.39
6/19/2015,early_summer,VIA,permanent,1141,30.43,8.53,35.45,90,12:05,F,adult,54,3.424,7/8/2015,-19,2,0.345,47.7
6/19/2015,early_summer,VIA,permanent,1141,30.43,8.53,35.45,91,12:05,M,adult,53,3.335,NA,NA,NA,NA,15.86
6/19/2015,early_summer,VIA,permanent,1141,30.43,8.53,35.45,92,12:10,F,adult,58,3.189,7/17/2015,-28,0,0,34.77
6/19/2015,early_summer,VIA,permanent,1141,30.43,8.53,35.45,93,12:10,F,adult,63,5.616,7/14/2015,-25,8,1.375,27.65
6/19/2015,early_summer,VIA,permanent,1141,30.43,8.53,35.45,SV2,12:15,M,yearling,40,1.7,NA,NA,NA,NA,13.34
6/19/2015,early_summer,VIA,permanent,1141,30.43,8.53,35.45,SV3,12:15,M,yearling,41,1.6,NA,NA,NA,NA,34.03
6/19/2015,early_summer,VIA,permanent,1141,30.43,8.53,35.45,SV4,12:20,M,yearling,43,1.7,NA,NA,NA,NA,13.56
6/19/2015,early_summer,VIA,permanent,1141,30.43,8.53,35.45,94,12:45,F,adult,60,4.28,7/12/2015,-23,4,0.676,46.72
6/19/2015,early_summer,VIA,permanent,1141,30.43,8.53,35.45,95,12:45,F,adult,60,4.21,NA,NA,NA,NA,26.24
6/19/2015,early_summer,VIA,permanent,1141,30.43,8.53,35.45,96,12:50,M,adult,55,3.722,NA,NA,NA,NA,21.55
6/19/2015,early_summer,VIA,permanent,1141,30.43,8.53,35.45,SV5,12:50,M,yearling,45,2,NA,NA,NA,NA,23.95
6/19/2015,early_summer,VIA,permanent,1141,30.43,8.53,35.45,SV6,12:55,M,yearling,45,2,NA,NA,NA,NA,9.19
6/19/2015,early_summer,VIA,permanent,1141,30.43,8.53,35.45,SV7,13:00,F,yearling,44,1.6,NA,NA,NA,NA,21.81
6/19/2015,early_summer,VIA,permanent,1141,30.43,8.53,35.45,97,13:00,F,adult,58,4.156,7/15/2015,-26,6,0.816,50.03
6/19/2015,early_summer,VIA,permanent,1141,30.43,8.53,35.45,98,13:05,M,adult,53,3.549,NA,NA,NA,NA,9.13
6/19/2015,early_summer,VIA,permanent,1141,30.43,8.53,35.45,99,13:10,F,adult,64,5.426,7/11/2015,-22,4,0.717,41.47
6/19/2015,early_summer,VIA,permanent,1141,30.43,8.53,35.45,SV8,13:15,M,yearling,41,1.5,NA,NA,NA,NA,24.6
6/19/2015,early_summer,VIA,permanent,1141,30.43,8.53,35.45,SV9,13:20,M,yearling,42,1.6,NA,NA,NA,NA,39.74
6/19/2015,early_summer,VIA,permanent,1141,30.43,8.53,35.45,SV10,13:25,F,yearling,47,1.8,NA,NA,NA,NA,28.28
6/19/2015,early_summer,VIA,permanent,1141,30.43,8.53,35.45,100,13:30,F,adult,56,3.292,NA,NA,NA,NA,55.05
6/19/2015,early_summer,VIA,permanent,1141,30.43,8.53,35.45,101,13:30,F,adult,57,3.62,NA,NA,NA,NA,73.8
6/19/2015,early_summer,VIA,permanent,1141,30.43,8.53,35.45,SV11,13:40,M,yearling,47,2.4,NA,NA,NA,NA,29.46
6/19/2015,early_summer,VIA,permanent,1141,30.43,8.53,35.45,SV12,14:10,M,yearling,40,1.5,NA,NA,NA,NA,17.82
6/19/2015,early_summer,VIA,permanent,1141,30.43,8.53,35.45,SV13,14:20,M,yearling,46,2.3,NA,NA,NA,NA,19.22
6/19/2015,early_summer,VIA,permanent,1141,30.43,8.53,35.45,102,14:25,F,adult,62,4.624,7/7/2015,-18,6,1.041,52.11
6/19/2015,early_summer,VIA,permanent,1141,30.43,8.53,35.45,103,14:30,F,adult,60,3.365,7/22/2015,-33,0,0,46.37
6/19/2015,early_summer,VIA,permanent,1141,30.43,8.53,35.45,104,14:35,F,adult,61,5.105,7/8/2015,-19,5,0.878,65.13
6/19/2015,early_summer,VIA,permanent,1141,30.43,8.53,35.45,105,14:35,M,adult,45,2.616,NA,NA,NA,NA,24.59
6/19/2015,early_summer,VIA,permanent,1141,30.43,8.53,35.45,SV15,14:40,F,yearling,51,2.4,NA,NA,NA,NA,33.17
6/19/2015,early_summer,VIA,permanent,1141,30.43,8.53,35.45,SV16,14:55,M,yearling,41,1.6,NA,NA,NA,NA,22.73
6/19/2015,early_summer,VIA,permanent,1141,30.43,8.53,35.45,106,15:00,M,adult,59,4.647,NA,NA,NA,NA,33.54
6/19/2015,early_summer,VIA,permanent,1141,30.43,8.53,35.45,SV17,15:10,M,yearling,48,2.7,NA,NA,NA,NA,39.69
6/19/2015,early_summer,VIA,permanent,1141,30.43,8.53,35.45,SV18,15:15,F,yearling,52,2.6,NA,NA,NA,NA,59.03
6/19/2015,early_summer,VIA,permanent,1141,30.43,8.53,35.45,108,15:20,F,adult,53,3.081,7/15/2015,-26,6,0.701,58.62
6/19/2015,early_summer,VIA,permanent,1141,30.43,8.53,35.45,109,15:25,F,adult,62,5.182,7/12/2015,-23,7,1.116,49.04
6/19/2015,early_summer,VIA,permanent,1141,30.43,8.53,35.45,110,15:30,F,adult,62,4.92,7/7/2015,-18,5,1.03,33.93
6/19/2015,early_summer,VIA,permanent,1141,30.43,8.53,35.45,111,15:33,M,adult,57,4.011,NA,NA,NA,NA,9.77
6/19/2015,early_summer,VIA,permanent,1141,30.43,8.53,35.45,112,15:36,F,adult,61,4.833,7/8/2015,-19,5,1.033,39.44
6/19/2015,early_summer,VIA,permanent,1141,30.43,8.53,35.45,113,15:40,M,adult,51,2.827,NA,NA,NA,NA,15.79
6/19/2015,early_summer,VIA,permanent,1141,30.43,8.53,35.45,114,15:45,M,adult,58,4.536,NA,NA,NA,NA,20.98
6/19/2015,early_summer,VIA,permanent,1141,30.43,8.53,35.45,115,16:10,F,adult,53,2.758,7/8/2015,-19,4,0.686,33.15
6/19/2015,early_summer,VIA,permanent,1141,30.43,8.53,35.45,116,16:13,F,adult,55,2.678,NA,NA,NA,NA,34.13
6/19/2015,early_summer,VIA,permanent,1141,30.43,8.53,35.45,117,16:16,F,adult,58,3.989,7/11/2015,-22,3,0.537,40.53
6/19/2015,early_summer,VIA,permanent,1141,30.43,8.53,35.45,119,16:22,F,adult,57,3.298,7/9/2015,-20,0,0,16.28
6/19/2015,early_summer,VIA,permanent,1141,30.43,8.53,35.45,120,16:26,F,adult,56,3.07,7/20/2015,-31,2,0.221,44.22
6/19/2015,early_summer,VIA,permanent,1141,30.43,8.53,35.45,121,16:30,F,adult,56,3.58,NA,NA,NA,NA,23.09
6/19/2015,early_summer,VIA,permanent,1141,30.43,8.53,35.45,122,16:40,F,adult,54,3.889,7/13/2015,-24,3,0.624,36.31
6/19/2015,early_summer,VIA,permanent,1141,30.43,8.53,35.45,123,16:45,F,adult,55,3.368,7/17/2015,-28,4,0.593,16.04
6/20/2015,early_summer,BEL,periodic,1418,42.37,8.8,33.96,130,10:40,F,adult,62,5.141,7/15/2015,-25,9,1.369,43.93
6/20/2015,early_summer,BEL,periodic,1418,42.37,8.8,33.96,131,10:45,M,adult,52,3.009,NA,NA,NA,NA,3.78
6/20/2015,early_summer,BEL,periodic,1418,42.37,8.8,33.96,132,10:48,M,adult,54,3.487,NA,NA,NA,NA,15.56
6/20/2015,early_summer,BEL,periodic,1418,42.37,8.8,33.96,SBL1,10:55,M,yearling,42,1.6,NA,NA,NA,NA,33.16
6/20/2015,early_summer,BEL,periodic,1418,42.37,8.8,33.96,133,10:55,F,adult,65,7.073,7/9/2015,-19,9,1.769,55.1
6/20/2015,early_summer,BEL,periodic,1418,42.37,8.8,33.96,SBL2,10:55,F,yearling,47,1.85,NA,NA,NA,NA,60.24
6/20/2015,early_summer,BEL,periodic,1418,42.37,8.8,33.96,134,11:05,M,adult,55,3.803,NA,NA,NA,NA,17.87
6/20/2015,early_summer,BEL,periodic,1418,42.37,8.8,33.96,135,11:15,F,adult,62,5.239,7/13/2015,-23,7,1.064,53.12
6/20/2015,early_summer,BEL,periodic,1418,42.37,8.8,33.96,136,11:15,F,adult,63,4.84,7/11/2015,-21,4,0.733,44.9
6/20/2015,early_summer,BEL,periodic,1418,42.37,8.8,33.96,138,11:20,F,adult,67,6.322,7/8/2015,-18,8,1.497,40.51
6/20/2015,early_summer,BEL,periodic,1418,42.37,8.8,33.96,SBL3,11:25,M,yearling,42,1.85,NA,NA,NA,NA,14.78
6/20/2015,early_summer,BEL,periodic,1418,42.37,8.8,33.96,SBL4,11:35,F,yearling,42,2,NA,NA,NA,NA,10.26
6/20/2015,early_summer,BEL,periodic,1418,42.37,8.8,33.96,139,11:35,F,adult,64,5.181,7/9/2015,-19,5,0.851,33.7
6/20/2015,early_summer,BEL,periodic,1418,42.37,8.8,33.96,SBL5,11:44,F,yearling,45,1.5,NA,NA,NA,NA,13.99
6/20/2015,early_summer,BEL,periodic,1418,42.37,8.8,33.96,140,11:48,M,adult,56,3.987,NA,NA,NA,NA,19.37
6/20/2015,early_summer,BEL,periodic,1418,42.37,8.8,33.96,141,11:54,F,adult,64,4.397,7/17/2015,-27,4,0.688,55.81
6/20/2015,early_summer,BEL,periodic,1418,42.37,8.8,33.96,SBL6,11:58,F,yearling,46,1.65,NA,NA,NA,NA,36.36
6/20/2015,early_summer,BEL,periodic,1418,42.37,8.8,33.96,SBL7,12:00,M,yearling,43,1.9,NA,NA,NA,NA,8.41
6/20/2015,early_summer,BEL,periodic,1418,42.37,8.8,33.96,142,12:05,F,adult,55,2.83,NA,NA,NA,NA,12.7
6/20/2015,early_summer,BEL,periodic,1418,42.37,8.8,33.96,143,12:10,M,adult,52,3.632,NA,NA,NA,NA,10.44
6/20/2015,early_summer,BEL,periodic,1418,42.37,8.8,33.96,SBL8,12:14,M,yearling,46,2.15,NA,NA,NA,NA,11.54
6/20/2015,early_summer,BEL,periodic,1418,42.37,8.8,33.96,144,12:15,F,adult,62,5.141,7/14/2015,-24,8,1.156,18.8
6/20/2015,early_summer,BEL,periodic,1418,42.37,8.8,33.96,145,12:20,F,adult,59,3.78,7/13/2015,-23,6,0.992,19.39
6/20/2015,early_summer,BEL,periodic,1418,42.37,8.8,33.96,146,12:20,M,adult,55,4.383,NA,NA,NA,NA,6.84
6/20/2015,early_summer,BEL,periodic,1418,42.37,8.8,33.96,147,12:25,F,adult,64,5.019,7/13/2015,-23,5,1.066,19.93
6/20/2015,early_summer,BEL,periodic,1418,42.37,8.8,33.96,148,12:30,M,adult,57,4.275,NA,NA,NA,NA,15.71
6/20/2015,early_summer,BEL,periodic,1418,42.37,8.8,33.96,149,12:35,F,adult,56,4.849,7/7/2015,-17,6,1.117,48.81
6/20/2015,early_summer,BEL,periodic,1418,42.37,8.8,33.96,SBL9,12:40,F,yearling,48,2.05,NA,NA,NA,NA,24.02
6/20/2015,early_summer,BEL,periodic,1418,42.37,8.8,33.96,150,12:45,F,adult,59,5.064,7/7/2015,-17,4,0.788,34.19
6/20/2015,early_summer,BEL,periodic,1418,42.37,8.8,33.96,151,12:50,M,adult,51,2.98,NA,NA,NA,NA,13.16
6/20/2015,early_summer,BEL,periodic,1418,42.37,8.8,33.96,152,12:55,F,adult,NA,NA,NA,NA,NA,NA,11.37
6/20/2015,early_summer,BEL,periodic,1418,42.37,8.8,33.96,153,13:00,F,adult,66,7.073,7/11/2015,-21,11,1.906,34.45
6/20/2015,early_summer,BEL,periodic,1418,42.37,8.8,33.96,154,13:05,M,adult,52,2.872,NA,NA,NA,NA,11.88
6/20/2015,early_summer,BEL,periodic,1418,42.37,8.8,33.96,SBL10,13:15,F,yearling,42,1.6,NA,NA,NA,NA,38.62
6/20/2015,early_summer,BEL,periodic,1418,42.37,8.8,33.96,155,13:15,M,adult,57,3.87,NA,NA,NA,NA,8.96
6/20/2015,early_summer,BEL,periodic,1418,42.37,8.8,33.96,SBL11,13:55,M,yearling,44,1.9,NA,NA,NA,NA,14.61
6/20/2015,early_summer,BEL,periodic,1418,42.37,8.8,33.96,156,13:58,F,adult,61,4.864,7/11/2015,-21,6,0.958,46.05
6/20/2015,early_summer,BEL,periodic,1418,42.37,8.8,33.96,157,14:05,F,adult,58,3.702,NA,NA,NA,NA,12.89
6/20/2015,early_summer,BEL,periodic,1418,42.37,8.8,33.96,158,14:07,F,adult,58,3.5,NA,NA,NA,NA,36.5
6/20/2015,early_summer,BEL,periodic,1418,42.37,8.8,33.96,159,14:10,F,adult,69,6.78,7/10/2015,-20,9,1.591,42.75
6/20/2015,early_summer,BEL,periodic,1418,42.37,8.8,33.96,160,14:15,F,adult,55,2.978,NA,NA,NA,NA,17.12
6/20/2015,early_summer,BEL,periodic,1418,42.37,8.8,33.96,161,14:30,F,adult,62,5.4,7/8/2015,-18,7,1.332,28.3
6/20/2015,early_summer,BEL,periodic,1418,42.37,8.8,33.96,162,14:30,F,adult,55,2.959,7/16/2015,-26,1,0.144,38.93
6/20/2015,early_summer,BEL,periodic,1418,42.37,8.8,33.96,SBL12,14:30,M,yearling,44,1.65,NA,NA,NA,NA,26.1
6/20/2015,early_summer,BEL,periodic,1418,42.37,8.8,33.96,SBL13,14:30,F,yearling,42,1.65,NA,NA,NA,NA,5.55
6/20/2015,early_summer,BEL,periodic,1418,42.37,8.8,33.96,163,14:35,F,adult,62,4.245,7/19/2015,-29,5,0.852,27.39
6/20/2015,early_summer,BEL,periodic,1418,42.37,8.8,33.96,164,14:50,F,adult,58,3.598,7/14/2015,-24,4,0.529,35.23
6/20/2015,early_summer,BEL,periodic,1418,42.37,8.8,33.96,SBL14,14:55,M,yearling,43,1.6,NA,NA,NA,NA,26.43
6/20/2015,early_summer,BEL,periodic,1418,42.37,8.8,33.96,165,15:30,F,adult,58,2.868,7/16/2015,-26,2,0.29,29.93
6/20/2015,early_summer,BEL,periodic,1418,42.37,8.8,33.96,166,15:37,F,adult,62,4.929,7/12/2015,-22,8,1.245,48.14
6/20/2015,early_summer,BEL,periodic,1418,42.37,8.8,33.96,168,14:40,F,adult,61,4.855,NA,NA,NA,NA,29.2
6/20/2015,early_summer,BEL,periodic,1418,42.37,8.8,33.96,SBL16,14:43,F,yearling,40,1.55,NA,NA,NA,NA,2.88
6/20/2015,early_summer,BEL,periodic,1418,42.37,8.8,33.96,SBL17,14:45,M,yearling,43,2.05,NA,NA,NA,NA,30.74
6/20/2015,early_summer,BEL,periodic,1418,42.37,8.8,33.96,169,14:55,F,adult,61,5.346,7/12/2015,-22,7,1.152,33.34
6/20/2015,early_summer,BEL,periodic,1418,42.37,8.8,33.96,SBL18,15:00,F,yearling,46,2.1,NA,NA,NA,NA,16.39
6/20/2015,early_summer,BEL,periodic,1418,42.37,8.8,33.96,170,15:10,F,adult,62,4.631,7/11/2015,-21,7,1.221,41.86
6/20/2015,early_summer,BEL,periodic,1418,42.37,8.8,33.96,171,15:15,F,adult,62,5.707,7/10/2015,-20,6,1.137,36.33
6/20/2015,early_summer,BEL,periodic,1418,42.37,8.8,33.96,SBL19,15:20,M,yearling,44,2.1,NA,NA,NA,NA,22.13
6/20/2015,early_summer,BEL,periodic,1418,42.37,8.8,33.96,172,15:25,F,adult,57,3.936,7/10/2015,-20,4,0.669,25.94
6/20/2015,early_summer,BEL,periodic,1418,42.37,8.8,33.96,SBL20,15:35,F,yearling,43,1.65,NA,NA,NA,NA,30.67
6/20/2015,early_summer,COP,permanent,1375,41.18,7.16,44.74,180,16:20,M,adult,51,3.35,NA,NA,NA,NA,15.99
6/20/2015,early_summer,COP,permanent,1375,41.18,7.16,44.74,181,16:25,F,adult,62,3.587,7/15/2015,-25,5,0.841,16.02
6/20/2015,early_summer,COP,permanent,1375,41.18,7.16,44.74,182,16:35,F,adult,60,3.783,7/14/2015,-24,4,0.722,16.16
6/20/2015,early_summer,COP,permanent,1375,41.18,7.16,44.74,183,16:41,F,adult,67,6.194,7/7/2015,-17,7,1.359,27.33
6/20/2015,early_summer,COP,permanent,1375,41.18,7.16,44.74,184,16:45,F,adult,67,5.415,7/7/2015,-17,4,0.652,21.6
6/20/2015,early_summer,COP,permanent,1375,41.18,7.16,44.74,185,16:49,M,yearling,45,2.05,NA,NA,NA,NA,4.69
6/20/2015,early_summer,COP,permanent,1375,41.18,7.16,44.74,186,16:50,F,adult,51,3.631,7/15/2015,-25,5,0.767,15.73
6/20/2015,early_summer,COP,permanent,1375,41.18,7.16,44.74,187,16:55,M,yearling,47,2.25,NA,NA,NA,NA,2.28
6/20/2015,early_summer,COP,permanent,1375,41.18,7.16,44.74,188,17:00,F,yearling,44,1.6,NA,NA,NA,NA,5.11
6/20/2015,early_summer,COP,permanent,1375,41.18,7.16,44.74,189,17:10,M,yearling,46,2.1,NA,NA,NA,NA,10.25
6/20/2015,early_summer,COP,permanent,1375,41.18,7.16,44.74,190,17:10,F,adult,59,3.688,7/14/2015,-24,3,0.524,49.52
6/21/2015,early_summer,COP,permanent,1375,41.18,7.16,44.74,MCO1,11:15,M,adult,50,2.6,NA,NA,NA,NA,14.74
6/21/2015,early_summer,COP,permanent,1375,41.18,7.16,44.74,SCO1,11:15,F,yearling,43,1.25,NA,NA,NA,NA,14.28
6/21/2015,early_summer,COP,permanent,1375,41.18,7.16,44.74,MCO2,11:20,M,adult,53,3.15,NA,NA,NA,NA,10.12
6/21/2015,early_summer,COP,permanent,1375,41.18,7.16,44.74,SCO2,11:30,F,yearling,46,1.65,NA,NA,NA,NA,34.29
6/21/2015,early_summer,COP,permanent,1375,41.18,7.16,44.74,191,11:35,F,adult,57,3.628,7/16/2015,-25,5,0.879,40.8
6/21/2015,early_summer,COP,permanent,1375,41.18,7.16,44.74,SCO3,11:38,M,yearling,42,1.35,NA,NA,NA,NA,17.62
6/21/2015,early_summer,COP,permanent,1375,41.18,7.16,44.74,192,11:40,F,adult,62,5.132,7/7/2015,-16,7,1.248,68.27
6/21/2015,early_summer,COP,permanent,1375,41.18,7.16,44.74,SC04,11:45,F,yearling,40,1.25,NA,NA,NA,NA,31.03
6/21/2015,early_summer,COP,permanent,1375,41.18,7.16,44.74,SC05,11:45,M,yearling,42,1.3,NA,NA,NA,NA,43.66
6/21/2015,early_summer,COP,permanent,1375,41.18,7.16,44.74,SC06,11:45,F,yearling,39,1.15,NA,NA,NA,NA,62.61
6/21/2015,early_summer,COP,permanent,1375,41.18,7.16,44.74,SC07,11:55,F,yearling,44,1.5,NA,NA,NA,NA,14.9
6/21/2015,early_summer,COP,permanent,1375,41.18,7.16,44.74,193,12:00,F,adult,65,5.297,7/11/2015,-20,5,0.942,37.18
6/21/2015,early_summer,COP,permanent,1375,41.18,7.16,44.74,194,12:00,F,adult,53,3.431,7/16/2015,-25,5,0.835,56.05
6/21/2015,early_summer,COP,permanent,1375,41.18,7.16,44.74,195,12:05,F,adult,62,4.99,7/13/2015,-22,6,1.225,75.73
6/21/2015,early_summer,COP,permanent,1375,41.18,7.16,44.74,196,12:05,F,adult,54,2.848,7/18/2015,-27,3,0.593,61.27
6/21/2015,early_summer,COP,permanent,1375,41.18,7.16,44.74,SC08,12:15,F,yearling,42,1.3,NA,NA,NA,NA,35.23
6/21/2015,early_summer,COP,permanent,1375,41.18,7.16,44.74,MCO3,12:20,M,adult,53,3.4,NA,NA,NA,NA,19
6/21/2015,early_summer,COP,permanent,1375,41.18,7.16,44.74,197,12:25,F,adult,57,2.881,7/13/2015,-22,4,0.612,56.73
6/21/2015,early_summer,COP,permanent,1375,41.18,7.16,44.74,198,12:30,F,adult,64,5.202,7/6/2015,-15,4,0.941,57.07
6/21/2015,early_summer,COP,permanent,1375,41.18,7.16,44.74,199,12:40,F,adult,61,4.865,7/8/2015,-17,5,0.886,54.23
6/21/2015,early_summer,COP,permanent,1375,41.18,7.16,44.74,MCO4,12:43,M,adult,53,3.75,NA,NA,NA,NA,4.74
6/21/2015,early_summer,COP,permanent,1375,41.18,7.16,44.74,SC09,12:50,F,yearling,43,1.45,NA,NA,NA,NA,17.64
6/21/2015,early_summer,COP,permanent,1375,41.18,7.16,44.74,SCO10,13:05,F,yearling,43,1.5,NA,NA,NA,NA,7.84
6/21/2015,early_summer,COP,permanent,1375,41.18,7.16,44.74,MC05,13:15,M,adult,53,3.4,NA,NA,NA,NA,17.87
6/21/2015,early_summer,JON,periodic,1390,24.31,10.06,33.73,200,11:10,F,adult,68,6.138,7/10/2015,-19,8,1.634,54.41
6/21/2015,early_summer,JON,periodic,1390,24.31,10.06,33.73,JN1,11:05,F,yearling,43,1.4,NA,NA,NA,NA,55.96
6/21/2015,early_summer,JON,periodic,1390,24.31,10.06,33.73,201,11:08,M,adult,54,3.893,NA,NA,NA,NA,13.93
6/21/2015,early_summer,JON,periodic,1390,24.31,10.06,33.73,202,11:12,F,adult,58,4.08,7/15/2015,-24,3,0.455,46.61
6/21/2015,early_summer,JON,periodic,1390,24.31,10.06,33.73,203,11:15,F,adult,55,3.29,7/10/2015,-19,0,0,98.61
6/21/2015,early_summer,JON,periodic,1390,24.31,10.06,33.73,JN2,11:20,F,yearling,42,1.4,NA,NA,NA,NA,24.15
6/21/2015,early_summer,JON,periodic,1390,24.31,10.06,33.73,JN3,11:35,M,yearling,45,1.7,NA,NA,NA,NA,19.8
6/21/2015,early_summer,JON,periodic,1390,24.31,10.06,33.73,204,11:35,F,adult,68,6.409,7/9/2015,-18,11,1.718,30.14
6/21/2015,early_summer,JON,periodic,1390,24.31,10.06,33.73,205,11:40,M,adult,54,3.387,NA,NA,NA,NA,6.1
6/21/2015,early_summer,JON,periodic,1390,24.31,10.06,33.73,206,11:40,F,adult,57,4.269,7/16/2015,-25,6,0.88,28.24
6/21/2015,early_summer,JON,periodic,1390,24.31,10.06,33.73,JN4,11:45,M,yearling,43,1.5,NA,NA,NA,NA,29.37
6/21/2015,early_summer,JON,periodic,1390,24.31,10.06,33.73,207,11:45,F,adult,59,4.285,7/14/2015,-23,5,1.041,11.6
6/21/2015,early_summer,JON,periodic,1390,24.31,10.06,33.73,JN5,11:50,M,yearling,45,2,NA,NA,NA,NA,4.16
6/21/2015,early_summer,JON,periodic,1390,24.31,10.06,33.73,208,11:50,M,adult,58,4.488,NA,NA,NA,NA,4.35
6/21/2015,early_summer,JON,periodic,1390,24.31,10.06,33.73,209,11:55,M,adult,52,2.721,NA,NA,NA,NA,7.83
6/21/2015,early_summer,JON,periodic,1390,24.31,10.06,33.73,210,11:55,F,adult,63,5.18,7/12/2015,-21,5,0.846,40.51
6/21/2015,early_summer,JON,periodic,1390,24.31,10.06,33.73,JN6,12:00,F,yearling,43,1.5,NA,NA,NA,NA,10.93
6/21/2015,early_summer,JON,periodic,1390,24.31,10.06,33.73,211,12:00,F,adult,63,5.163,7/13/2015,-22,5,0.737,27.02
6/21/2015,early_summer,JON,periodic,1390,24.31,10.06,33.73,212,12:05,F,adult,63,4.82,7/12/2015,-21,4,0.67,47.17
6/21/2015,early_summer,JON,periodic,1390,24.31,10.06,33.73,213,12:05,F,adult,58,3.984,7/11/2015,-20,4,0.695,41.28
6/21/2015,early_summer,JON,periodic,1390,24.31,10.06,33.73,JN7,12:10,M,yearling,38,1.2,NA,NA,NA,NA,11.32
6/21/2015,early_summer,JON,periodic,1390,24.31,10.06,33.73,214,12:15,F,adult,69,5.771,7/14/2015,-23,5,0.81,38.74
6/21/2015,early_summer,JON,periodic,1390,24.31,10.06,33.73,215,12:20,M,adult,53,4.011,NA,NA,NA,NA,23.31
6/21/2015,early_summer,JON,periodic,1390,24.31,10.06,33.73,216,12:25,F,adult,58,4.841,7/11/2015,-20,3,0.568,48.69
6/21/2015,early_summer,JON,periodic,1390,24.31,10.06,33.73,JN8,12:30,M,yearling,44,1.8,NA,NA,NA,NA,7.49
6/21/2015,early_summer,JON,periodic,1390,24.31,10.06,33.73,217,12:35,M,adult,55,4.281,NA,NA,NA,NA,7.04
6/21/2015,early_summer,JON,periodic,1390,24.31,10.06,33.73,JN9,12:40,F,yearling,47,1.8,NA,NA,NA,NA,15.45
6/21/2015,early_summer,JON,periodic,1390,24.31,10.06,33.73,218,12:45,M,adult,60,4.257,NA,NA,NA,NA,9.05
6/21/2015,early_summer,JON,periodic,1390,24.31,10.06,33.73,JN10,12:55,M,yearling,43,1.6,NA,NA,NA,NA,19.4
6/21/2015,early_summer,JON,periodic,1390,24.31,10.06,33.73,219,13:00,F,adult,64,6.365,7/10/2015,-19,5,0.956,23.21
6/21/2015,early_summer,JON,periodic,1390,24.31,10.06,33.73,JN11,13:22,M,yearling,44,1.3,NA,NA,NA,NA,8.25
6/21/2015,early_summer,JON,periodic,1390,24.31,10.06,33.73,220,13:25,F,adult,63,4.418,7/11/2015,-20,1,0.175,20.83
6/21/2015,early_summer,JON,periodic,1390,24.31,10.06,33.73,JN12,13:30,M,yearling,47,2.4,NA,NA,NA,NA,5.69
6/21/2015,early_summer,JON,periodic,1390,24.31,10.06,33.73,221,13:30,F,adult,58,3.538,7/18/2015,-27,2,0.257,17.26
6/21/2015,early_summer,JON,periodic,1390,24.31,10.06,33.73,222,13:35,M,adult,57,3,NA,NA,NA,NA,10.1
6/21/2015,early_summer,JON,periodic,1390,24.31,10.06,33.73,JN13,13:40,F,yearling,42,1.6,NA,NA,NA,NA,53.74
6/21/2015,early_summer,JON,periodic,1390,24.31,10.06,33.73,223,13:40,M,adult,57,3.591,NA,NA,NA,NA,9.48
6/21/2015,early_summer,JON,periodic,1390,24.31,10.06,33.73,224,14:10,M,adult,56,4.093,NA,NA,NA,NA,28.3
6/21/2015,early_summer,JON,periodic,1390,24.31,10.06,33.73,226,14:20,F,adult,61,3.859,7/10/2015,-19,0,0,43.5
6/21/2015,early_summer,JON,periodic,1390,24.31,10.06,33.73,227,14:25,F,adult,60,4.968,NA,NA,NA,NA,31.02
6/21/2015,early_summer,JON,periodic,1390,24.31,10.06,33.73,228,14:45,F,adult,62,4.283,7/11/2015,-20,5,0.796,26.06
6/21/2015,early_summer,JON,periodic,1390,24.31,10.06,33.73,229,14:40,F,adult,62,5.176,7/10/2015,-19,6,1.111,29.11
6/21/2015,early_summer,JON,periodic,1390,24.31,10.06,33.73,230,15:10,F,adult,61,4.74,7/11/2015,-20,3,0.516,21.27
6/21/2015,early_summer,JON,periodic,1390,24.31,10.06,33.73,231,15:14,F,adult,58,4.814,7/13/2015,-22,1,0.174,49.64
6/21/2015,early_summer,JON,periodic,1390,24.31,10.06,33.73,232,15:25,F,adult,61,5.151,7/11/2015,-20,6,1.028,30.46
6/21/2015,early_summer,JON,periodic,1390,24.31,10.06,33.73,233,15:40,F,adult,66,6.046,7/5/2015,-14,4,0.719,74.58
6/21/2015,early_summer,JON,periodic,1390,24.31,10.06,33.73,234,15:50,F,adult,66,5.883,NA,NA,NA,NA,38.15
6/21/2015,early_summer,JON,periodic,1390,24.31,10.06,33.73,235,15:46,F,adult,56,3.208,7/15/2015,-24,1,0.189,81.47
6/21/2015,early_summer,JON,periodic,1390,24.31,10.06,33.73,237,16:05,F,adult,62,5.574,7/11/2015,-20,8,1.296,35.67
6/21/2015,early_summer,JON,periodic,1390,24.31,10.06,33.73,238,16:50,F,adult,65,5.943,7/11/2015,-20,6,1.074,30.11
6/21/2015,early_summer,JON,periodic,1390,24.31,10.06,33.73,239,17:12,F,adult,57,3.209,7/17/2015,-26,0,0,84.43
6/21/2015,early_summer,JOC,permanent,1296,164.71,8.77,35.78,250,14:55,M,adult,52,3.118,NA,NA,NA,NA,12.2
6/21/2015,early_summer,JOC,permanent,1296,164.71,8.77,35.78,251,14:55,M,adult,50,2.612,NA,NA,NA,NA,24.97
6/21/2015,early_summer,JOC,permanent,1296,164.71,8.77,35.78,252,15:00,M,adult,56,3.93,NA,NA,NA,NA,7.7
6/21/2015,early_summer,JOC,permanent,1296,164.71,8.77,35.78,253,15:05,F,adult,65,5.482,7/12/2015,-21,6,0.988,17.58
6/21/2015,early_summer,JOC,permanent,1296,164.71,8.77,35.78,254,15:05,M,adult,54,4.213,NA,NA,NA,NA,9.71
6/21/2015,early_summer,JOC,permanent,1296,164.71,8.77,35.78,255,15:10,F,adult,66,6.123,7/8/2015,-17,6,0.941,25.44
6/21/2015,early_summer,JOC,permanent,1296,164.71,8.77,35.78,256,15:15,F,adult,65,6.22,7/7/2015,-16,7,1.206,23.81
6/21/2015,early_summer,JOC,permanent,1296,164.71,8.77,35.78,SJC1,15:20,M,yearling,42,1.35,NA,NA,NA,NA,20.3
6/21/2015,early_summer,JOC,permanent,1296,164.71,8.77,35.78,SJC2,15:20,M,yearling,43,1.3,NA,NA,NA,NA,8.89
6/21/2015,early_summer,JOC,permanent,1296,164.71,8.77,35.78,257,15:35,F,adult,62,5.24,7/8/2015,-17,8,1.013,27.31
6/21/2015,early_summer,JOC,permanent,1296,164.71,8.77,35.78,258,15:35,F,adult,57,4.085,7/8/2015,-17,5,0.827,32
6/21/2015,early_summer,JOC,permanent,1296,164.71,8.77,35.78,SJC4,15:40,F,yearling,46,1.7,NA,NA,NA,NA,8.97
6/21/2015,early_summer,JOC,permanent,1296,164.71,8.77,35.78,259,15:45,F,adult,62,5.564,7/9/2015,-18,7,1.093,30.89
6/21/2015,early_summer,JOC,permanent,1296,164.71,8.77,35.78,SJC6,16:00,F,yearling,50,2.2,NA,NA,NA,NA,22.56
6/21/2015,early_summer,JOC,permanent,1296,164.71,8.77,35.78,260,16:04,F,adult,61,3.77,7/14/2015,-23,6,0.875,28.84
6/21/2015,early_summer,JOC,permanent,1296,164.71,8.77,35.78,SJC7,16:10,M,yearling,45,1.7,NA,NA,NA,NA,16.05
6/21/2015,early_summer,JOC,permanent,1296,164.71,8.77,35.78,261,16:15,M,adult,55,3.488,NA,NA,NA,NA,18.93
6/21/2015,early_summer,JOC,permanent,1296,164.71,8.77,35.78,262,16:15,F,adult,61,5.741,7/14/2015,-23,7,1.159,25.6
6/21/2015,early_summer,JOC,permanent,1296,164.71,8.77,35.78,SJC8,16:25,M,yearling,42,2.05,NA,NA,NA,NA,6.96
6/21/2015,early_summer,JOC,permanent,1296,164.71,8.77,35.78,263,16:40,F,adult,62,4.48,7/15/2015,-24,4,0.691,26.98
6/21/2015,early_summer,JOC,permanent,1296,164.71,8.77,35.78,264,16:50,M,adult,57,4.062,NA,NA,NA,NA,4.44
6/21/2015,early_summer,JOC,permanent,1296,164.71,8.77,35.78,SJC9,16:55,M,yearling,47,2.3,NA,NA,NA,NA,4.29
6/21/2015,early_summer,JOC,permanent,1296,164.71,8.77,35.78,SJC10,17:00,F,yearling,46,1.7,NA,NA,NA,NA,14.37
6/21/2015,early_summer,JOC,permanent,1296,164.71,8.77,35.78,SJC11,17:05,F,yearling,40,1.15,NA,NA,NA,NA,38.52
6/21/2015,early_summer,JOC,permanent,1296,164.71,8.77,35.78,SJC12,17:15,F,yearling,46,1.9,NA,NA,NA,NA,6.76
6/21/2015,early_summer,JOC,permanent,1296,164.71,8.77,35.78,265,17:30,F,adult,67,6.054,NA,NA,NA,NA,18.1
6/21/2015,early_summer,JOC,permanent,1296,164.71,8.77,35.78,266,17:35,F,adult,61,4.562,7/11/2015,-20,2,0.358,35.34
6/21/2015,early_summer,JOC,permanent,1296,164.71,8.77,35.78,267,17:45,F,adult,66,6.595,7/12/2015,-21,6,1.012,20.12
6/22/2015,early_summer,JOC,permanent,1296,164.71,8.77,35.78,SJC13,11:00,M,yearling,46,2.05,NA,NA,NA,NA,16.16
6/22/2015,early_summer,JOC,permanent,1296,164.71,8.77,35.78,268,11:05,M,adult,50,2.952,NA,NA,NA,NA,13.82
6/22/2015,early_summer,JOC,permanent,1296,164.71,8.77,35.78,269,11:15,M,adult,55,3.237,NA,NA,NA,NA,20.19
6/22/2015,early_summer,JOC,permanent,1296,164.71,8.77,35.78,SJC14,11:20,M,yearling,43,1.5,NA,NA,NA,NA,14.08
6/22/2015,early_summer,JOC,permanent,1296,164.71,8.77,35.78,270,11:23,F,adult,63,5.038,7/9/2015,-17,3,0.527,28.69
6/22/2015,early_summer,JOC,permanent,1296,164.71,8.77,35.78,SJC15,11:35,M,yearling,45,2.1,NA,NA,NA,NA,12.51
6/22/2015,early_summer,JOC,permanent,1296,164.71,8.77,35.78,271,11:40,F,adult,68,8.315,7/10/2015,-18,10,1.92,37.46
6/22/2015,early_summer,JOC,permanent,1296,164.71,8.77,35.78,272,11:40,F,adult,60,4.258,7/8/2015,-16,1,0.192,26.04
6/22/2015,early_summer,JOC,permanent,1296,164.71,8.77,35.78,273,11:55,F,adult,62,4.845,7/9/2015,-17,5,0.904,30.57
6/22/2015,early_summer,JOC,permanent,1296,164.71,8.77,35.78,274,11:58,F,adult,65,4.622,7/14/2015,-22,4,0.718,19.64
6/22/2015,early_summer,JOC,permanent,1296,164.71,8.77,35.78,275,12:05,F,adult,68,5.667,7/11/2015,-19,7,1.188,21.63
6/22/2015,early_summer,JOC,permanent,1296,164.71,8.77,35.78,276,12:20,M,adult,55,3.707,NA,NA,NA,NA,22.13
6/22/2015,early_summer,JOC,permanent,1296,164.71,8.77,35.78,277,12:45,F,adult,55,3.309,NA,NA,NA,NA,10.15
6/22/2015,early_summer,JOC,permanent,1296,164.71,8.77,35.78,278,12:47,F,adult,69,7.119,7/9/2015,-17,9,1.551,25.48
6/22/2015,early_summer,JOC,permanent,1296,164.71,8.77,35.78,279,12:55,F,adult,64,6.024,7/11/2015,-19,7,1.199,27.33
6/22/2015,early_summer,JOC,permanent,1296,164.71,8.77,35.78,280,13:15,F,adult,65,4.722,7/3/2015,-11,0,0,20.67
6/22/2015,early_summer,JOC,permanent,1296,164.71,8.77,35.78,281,13:30,F,adult,61,4.061,7/12/2015,-20,5,0.855,19.68
6/22/2015,early_summer,JOC,permanent,1296,164.71,8.77,35.78,282,13:35,F,adult,70,8.4,7/8/2015,-16,10,1.492,19.12
6/22/2015,early_summer,JOC,permanent,1296,164.71,8.77,35.78,283,13:42,M,adult,58,4.631,NA,NA,NA,NA,10.63
6/22/2015,early_summer,JOC,permanent,1296,164.71,8.77,35.78,284,13:46,F,adult,61,5.123,7/14/2015,-22,6,1.125,20.83
6/22/2015,early_summer,JOC,permanent,1296,164.71,8.77,35.78,285,13:55,F,adult,64,4.776,7/9/2015,-17,4,0.711,18.18
6/22/2015,early_summer,JOC,permanent,1296,164.71,8.77,35.78,286,14:10,F,adult,58,4.326,7/13/2015,-21,4,0.625,18.73
6/22/2015,early_summer,JOC,permanent,1296,164.71,8.77,35.78,287,14:20,F,adult,54,2.891,7/19/2015,-27,1,0.18,54.35
6/22/2015,early_summer,JOC,permanent,1296,164.71,8.77,35.78,288,14:30,F,adult,67,6.047,7/11/2015,-19,5,0.776,15.66
6/22/2015,early_summer,JOC,permanent,1296,164.71,8.77,35.78,289,14:45,F,adult,56,3.745,NA,NA,NA,NA,15.52
6/23/2015,early_summer,LAJ,periodic,1330,5.58,8.79,39.04,300,12:28,F,adult,57,4.074,7/18/2015,-25,5,0.796,30.35
6/23/2015,early_summer,LAJ,periodic,1330,5.58,8.79,39.04,SLJ1,12:50,M,yearling,43,1.3,NA,NA,NA,NA,16.77
6/23/2015,early_summer,LAJ,periodic,1330,5.58,8.79,39.04,SLJ2,12:55,F,yearling,45,1.7,NA,NA,NA,NA,14.14
6/23/2015,early_summer,LAJ,periodic,1330,5.58,8.79,39.04,301,13:00,F,adult,58,4.232,7/11/2015,-18,4,0.704,32.95
6/23/2015,early_summer,LAJ,periodic,1330,5.58,8.79,39.04,SLJ3,13:10,F,yearling,42,1.6,NA,NA,NA,NA,12.28
6/23/2015,early_summer,LAJ,periodic,1330,5.58,8.79,39.04,302,13:20,M,adult,56,3.729,NA,NA,NA,NA,12.19
6/23/2015,early_summer,LAJ,periodic,1330,5.58,8.79,39.04,SLJ4,13:30,M,yearling,47,2.4,NA,NA,NA,NA,11.77
6/23/2015,early_summer,LAJ,periodic,1330,5.58,8.79,39.04,303,13:45,F,adult,60,3.93,7/14/2015,-21,1,0.147,21.88
6/23/2015,early_summer,LAJ,periodic,1330,5.58,8.79,39.04,304,13:50,M,adult,55,3.171,NA,NA,NA,NA,6.23
6/23/2015,early_summer,LAJ,periodic,1330,5.58,8.79,39.04,305,13:52,F,adult,59,3.767,7/13/2015,-20,0,0,34.92
6/23/2015,early_summer,LAJ,periodic,1330,5.58,8.79,39.04,306,14:00,F,adult,66,6.374,7/13/2015,-20,8,1.414,36.88
6/23/2015,early_summer,LAJ,periodic,1330,5.58,8.79,39.04,307,14:05,F,adult,57,3.905,7/12/2015,-19,5,0.756,34.92
6/23/2015,early_summer,LAJ,periodic,1330,5.58,8.79,39.04,SLJ5,14:10,M,yearling,44,1.6,NA,NA,NA,NA,56.88
6/23/2015,early_summer,LAJ,periodic,1330,5.58,8.79,39.04,SLJ6,14:15,M,yearling,45,1.5,NA,NA,NA,NA,21.96
6/23/2015,early_summer,LAJ,periodic,1330,5.58,8.79,39.04,308,14:20,F,adult,65,5.618,7/8/2015,-15,6,1.246,47.05
6/23/2015,early_summer,LAJ,periodic,1330,5.58,8.79,39.04,SLJ7,14:25,F,yearling,53,3,NA,NA,NA,NA,51.98
6/23/2015,early_summer,LAJ,periodic,1330,5.58,8.79,39.04,309,14:30,F,adult,54,2.761,7/17/2015,-24,0,0,30.14
6/23/2015,early_summer,LAJ,periodic,1330,5.58,8.79,39.04,310,14:35,M,adult,54,3.807,NA,NA,NA,NA,133.64
6/23/2015,early_summer,LAJ,periodic,1330,5.58,8.79,39.04,311,14:40,F,adult,59,4.405,7/12/2015,-19,6,1.002,41.44
6/23/2015,early_summer,LAJ,periodic,1330,5.58,8.79,39.04,312,14:45,F,adult,60,3.685,7/11/2015,-18,1,0.124,46.27
6/23/2015,early_summer,LAJ,periodic,1330,5.58,8.79,39.04,SLJ8,14:50,M,yearling,45,1.8,NA,NA,NA,NA,22.34
6/23/2015,early_summer,LAJ,periodic,1330,5.58,8.79,39.04,SLJ9,14:55,F,yearling,46,1.8,NA,NA,NA,NA,25.38
6/23/2015,early_summer,LAJ,periodic,1330,5.58,8.79,39.04,313,15:00,M,adult,50,2.398,NA,NA,NA,NA,12.98
6/23/2015,early_summer,LAJ,periodic,1330,5.58,8.79,39.04,314,15:05,F,adult,63,6.76,7/6/2015,-13,3,0.506,34.99
6/23/2015,early_summer,LAJ,periodic,1330,5.58,8.79,39.04,315,15:10,F,adult,56,2.77,7/11/2015,-18,2,0.306,53.68
6/23/2015,early_summer,LAJ,periodic,1330,5.58,8.79,39.04,316,15:15,F,adult,63,4.718,7/9/2015,-16,3,0.295,34.87
6/23/2015,early_summer,LAJ,periodic,1330,5.58,8.79,39.04,SLJ10,15:20,M,yearling,41,1.3,NA,NA,NA,NA,36.56
6/23/2015,early_summer,LAJ,periodic,1330,5.58,8.79,39.04,SLJ11,15:20,M,yearling,31,1.4,NA,NA,NA,NA,28.98
6/23/2015,early_summer,LAJ,periodic,1330,5.58,8.79,39.04,317,15:25,M,adult,54,2.784,NA,NA,NA,NA,16.16
6/23/2015,early_summer,LAJ,periodic,1330,5.58,8.79,39.04,318,15:25,F,adult,59,3.664,7/10/2015,-17,2,0.442,29.61
6/23/2015,early_summer,LAJ,periodic,1330,5.58,8.79,39.04,319,15:30,F,adult,51,2.439,NA,NA,NA,NA,16.87
6/23/2015,early_summer,LAJ,periodic,1330,5.58,8.79,39.04,320,15:40,F,adult,59,3.467,7/19/2015,-26,5,0.883,33.23
6/23/2015,early_summer,LAJ,periodic,1330,5.58,8.79,39.04,321,15:50,M,adult,55,3.84,NA,NA,NA,NA,14.63
6/23/2015,early_summer,LAJ,periodic,1330,5.58,8.79,39.04,322,16:05,F,adult,56,3.655,NA,NA,NA,NA,17.93
6/23/2015,early_summer,LAJ,periodic,1330,5.58,8.79,39.04,SLJ12,16:15,F,yearling,42,1.4,NA,NA,NA,NA,32.72
6/23/2015,early_summer,LAJ,periodic,1330,5.58,8.79,39.04,323,16:30,F,adult,55,2.89,NA,NA,NA,NA,6.47
6/23/2015,early_summer,LAJ,periodic,1330,5.58,8.79,39.04,324,16:30,F,adult,62,4.234,7/17/2015,-24,3,0.604,46.81
6/23/2015,early_summer,LAJ,periodic,1330,5.58,8.79,39.04,325,16:32,M,adult,62,3.04,NA,NA,NA,NA,8.2
6/23/2015,early_summer,LAJ,periodic,1330,5.58,8.79,39.04,326,16:38,F,adult,57,3.824,7/12/2015,-19,3,0.468,44.4
6/23/2015,early_summer,LAJ,periodic,1330,5.58,8.79,39.04,SLJ14,16:45,F,yearling,42,1.2,NA,NA,NA,NA,101.55
6/23/2015,early_summer,LAJ,periodic,1330,5.58,8.79,39.04,327,16:50,M,adult,48,2.688,NA,NA,NA,NA,6.45
6/23/2015,early_summer,LAJ,periodic,1330,5.58,8.79,39.04,328,16:55,M,adult,69,3.84,NA,NA,NA,NA,2.25
6/23/2015,early_summer,LAJ,periodic,1330,5.58,8.79,39.04,329,17:00,F,adult,60,5.846,7/11/2015,-18,3,0.51,20.42
6/23/2015,early_summer,LAJ,periodic,1330,5.58,8.79,39.04,330,17:05,F,adult,57,2.49,NA,NA,NA,NA,34.82
6/23/2015,early_summer,LAJ,periodic,1330,5.58,8.79,39.04,331,17:20,F,adult,60,4.12,7/12/2015,-19,3,0.41,31.3
6/23/2015,early_summer,LAJ,periodic,1330,5.58,8.79,39.04,332,17:30,F,adult,61,NA,NA,NA,NA,NA,58.03
6/23/2015,early_summer,COM,permanent,1405,-2.17,10.2,29.93,SCM1,10:55,F,yearling,41,1.5,NA,NA,NA,NA,2.55
6/23/2015,early_summer,COM,permanent,1405,-2.17,10.2,29.93,340,11:05,F,adult,67,7.218,7/6/2015,-13,8,1.619,38.6
6/23/2015,early_summer,COM,permanent,1405,-2.17,10.2,29.93,SCM2,11:10,M,yearling,44,1.75,NA,NA,NA,NA,8.68
6/23/2015,early_summer,COM,permanent,1405,-2.17,10.2,29.93,341,11:15,F,adult,63,3.841,7/15/2015,-22,3,0.554,31.57
6/23/2015,early_summer,COM,permanent,1405,-2.17,10.2,29.93,MCM1,11:20,M,adult,49,2.4,NA,NA,NA,NA,9.4
6/23/2015,early_summer,COM,permanent,1405,-2.17,10.2,29.93,SCM3,11:20,M,yearling,44,1.6,NA,NA,NA,NA,9.88
6/23/2015,early_summer,COM,permanent,1405,-2.17,10.2,29.93,342,11:30,F,adult,66,6.79,7/9/2015,-16,8,1.544,62.42
6/23/2015,early_summer,COM,permanent,1405,-2.17,10.2,29.93,SCM4,11:45,F,yearling,52,2.3,NA,NA,NA,NA,21.88
6/23/2015,early_summer,COM,permanent,1405,-2.17,10.2,29.93,MCM2,11:50,M,adult,53,3.15,NA,NA,NA,NA,12.07
6/23/2015,early_summer,COM,permanent,1405,-2.17,10.2,29.93,SCM5,11:55,F,yearling,42,1.3,NA,NA,NA,NA,19.26
6/23/2015,early_summer,COM,permanent,1405,-2.17,10.2,29.93,SCM6,12:10,F,yearling,48,1.85,NA,NA,NA,NA,20.03
6/23/2015,early_summer,COM,permanent,1405,-2.17,10.2,29.93,343,12:15,F,adult,64,5.623,7/12/2015,-19,6,1.21,43.09
6/23/2015,early_summer,COM,permanent,1405,-2.17,10.2,29.93,MCM3,12:18,M,adult,48,2.55,NA,NA,NA,NA,18.15
6/23/2015,early_summer,COM,permanent,1405,-2.17,10.2,29.93,SCM7,12:20,F,yearling,46,1.8,NA,NA,NA,NA,26.02
6/23/2015,early_summer,COM,permanent,1405,-2.17,10.2,29.93,SCM8,12:20,M,yearling,42,1.5,NA,NA,NA,NA,5.44
6/23/2015,early_summer,COM,permanent,1405,-2.17,10.2,29.93,SCM9,12:25,M,yearling,43,1.55,NA,NA,NA,NA,12.97
6/23/2015,early_summer,COM,permanent,1405,-2.17,10.2,29.93,SCM10,12:25,F,yearling,46,1.95,NA,NA,NA,NA,17.99
6/23/2015,early_summer,COM,permanent,1405,-2.17,10.2,29.93,SCM11,12:35,F,yearling,50,2.2,NA,NA,NA,NA,11
6/23/2015,early_summer,COM,permanent,1405,-2.17,10.2,29.93,344,12:40,F,adult,58,3.703,7/17/2015,-24,3,0.476,38.89
6/23/2015,early_summer,COM,permanent,1405,-2.17,10.2,29.93,345,12:40,F,adult,58,3.675,7/17/2015,-24,4,0.728,31.57
6/23/2015,early_summer,COM,permanent,1405,-2.17,10.2,29.93,SCM12,12:45,F,yearling,40,1.05,NA,NA,NA,NA,42.78
6/23/2015,early_summer,COM,permanent,1405,-2.17,10.2,29.93,346,12:50,F,adult,62,5.22,7/13/2015,-20,5,0.986,21.21
6/23/2015,early_summer,COM,permanent,1405,-2.17,10.2,29.93,SCM13,12:55,F,yearling,46,1.6,NA,NA,NA,NA,22.6
6/23/2015,early_summer,COM,permanent,1405,-2.17,10.2,29.93,SCM14,12:58,M,yearling,45,1.65,NA,NA,NA,NA,7.87
6/23/2015,early_summer,COM,permanent,1405,-2.17,10.2,29.93,347,12:58,F,adult,64,5.358,7/14/2015,-21,7,1.161,31.41
6/23/2015,early_summer,COM,permanent,1405,-2.17,10.2,29.93,SCM15,13:00,M,yearling,41,1.4,NA,NA,NA,NA,9.11
6/23/2015,early_summer,COM,permanent,1405,-2.17,10.2,29.93,348,13:13,F,adult,60,4.024,7/15/2015,-22,3,0.597,29.66
6/23/2015,early_summer,COM,permanent,1405,-2.17,10.2,29.93,MCM4,13:15,M,adult,55,3.85,NA,NA,NA,NA,8.28
6/23/2015,early_summer,COM,permanent,1405,-2.17,10.2,29.93,MCM5,13:20,M,adult,54,3.8,NA,NA,NA,NA,11.68
6/23/2015,early_summer,COM,permanent,1405,-2.17,10.2,29.93,349,13:55,F,adult,57,3.532,7/18/2015,-25,4,0.808,14.06
6/23/2015,early_summer,COM,permanent,1405,-2.17,10.2,29.93,350,14:20,F,adult,67,6.77,7/8/2015,-15,9,1.624,25.65
6/23/2015,early_summer,COM,permanent,1405,-2.17,10.2,29.93,MCM6,14:45,M,adult,49,2.35,NA,NA,NA,NA,2.5
6/23/2015,early_summer,COM,permanent,1405,-2.17,10.2,29.93,MCM7,16:05,M,adult,57,3.9,NA,NA,NA,NA,7.44
6/24/2015,early_summer,COM,permanent,1405,-2.17,10.2,29.93,MCM8,10:30,M,adult,49,2.45,NA,NA,NA,NA,53.9
6/24/2015,early_summer,COM,permanent,1405,-2.17,10.2,29.93,351,10:38,F,adult,62,5.122,7/13/2015,-19,6,1.018,55.55
6/24/2015,early_summer,COM,permanent,1405,-2.17,10.2,29.93,352,10:50,F,adult,60,4.077,7/6/2015,-12,1,0.199,45.1
6/24/2015,early_summer,COM,permanent,1405,-2.17,10.2,29.93,MCM9,10:50,M,adult,49,2.6,NA,NA,NA,NA,38.46
6/24/2015,early_summer,COM,permanent,1405,-2.17,10.2,29.93,353,11:00,F,adult,65,5.071,7/12/2015,-18,3,0.633,48.28
6/24/2015,early_summer,COM,permanent,1405,-2.17,10.2,29.93,354,11:03,F,adult,56,3.045,7/14/2015,-20,2,0.324,68.66
6/24/2015,early_summer,LAJ,periodic,1330,5.58,8.79,39.04,334,12:45,M,adult,55,3.493,NA,NA,NA,NA,25.34
6/24/2015,early_summer,LAJ,periodic,1330,5.58,8.79,39.04,SLJ15,12:55,M,yearling,43,1.4,NA,NA,NA,NA,34.62
6/24/2015,early_summer,LAJ,periodic,1330,5.58,8.79,39.04,333+8+0,13:00,F,adult,62,4.625,7/15/2015,-21,1,0.125,32.65
6/24/2015,early_summer,LAJ,periodic,1330,5.58,8.79,39.04,335+9,13:15,F,adult,63,4.713,7/16/2015,-22,3,0.485,28.43
6/24/2015,early_summer,LAJ,periodic,1330,5.58,8.79,39.04,336,13:25,F,adult,58,4.284,7/8/2015,-14,3,0.522,50.56
6/24/2015,early_summer,LAJ,periodic,1330,5.58,8.79,39.04,337,13:50,F,adult,58,3.735,NA,NA,NA,NA,28.88
6/24/2015,early_summer,LAJ,periodic,1330,5.58,8.79,39.04,338,14:00,F,adult,58,4.352,7/14/2015,-20,4,0.619,36.83
6/24/2015,early_summer,LAJ,periodic,1330,5.58,8.79,39.04,339,14:30,F,adult,67,6.48,7/9/2015,-15,7,1.223,30.11
6/25/2015,early_summer,CHA,periodic,1429,3.21,10.49,35.63,MCH1,10:45,M,adult,57,4.05,NA,NA,NA,NA,10.55
6/25/2015,early_summer,CHA,periodic,1429,3.21,10.49,35.63,420,10:50,F,adult,65,6.145,7/14/2015,-19,8,1.344,31.65
6/25/2015,early_summer,CHA,periodic,1429,3.21,10.49,35.63,MCH2,10:55,M,adult,57,4.05,NA,NA,NA,NA,2.15
6/25/2015,early_summer,CHA,periodic,1429,3.21,10.49,35.63,421,10:58,F,adult,62,5.862,7/8/2015,-13,5,0.887,30.82
6/25/2015,early_summer,CHA,periodic,1429,3.21,10.49,35.63,422,11:08,F,adult,61,3.882,7/17/2015,-22,4,0.753,24.74
6/25/2015,early_summer,CHA,periodic,1429,3.21,10.49,35.63,MCH3,11:10,M,adult,60,4.3,NA,NA,NA,NA,8.71
6/25/2015,early_summer,CHA,periodic,1429,3.21,10.49,35.63,423,11:12,F,adult,62,4.755,7/15/2015,-20,4,0.853,23.07
6/25/2015,early_summer,CHA,periodic,1429,3.21,10.49,35.63,424,11:15,F,adult,60,3.791,7/16/2015,-21,3,0.595,18.19
6/25/2015,early_summer,CHA,periodic,1429,3.21,10.49,35.63,425,11:25,F,adult,60,3.739,7/17/2015,-22,2,0.417,15.6
6/25/2015,early_summer,CHA,periodic,1429,3.21,10.49,35.63,SCH1,11:30,M,yearling,43,1.65,NA,NA,NA,NA,11.46
6/25/2015,early_summer,CHA,periodic,1429,3.21,10.49,35.63,SCH2,11:40,M,yearling,50,2.45,NA,NA,NA,NA,28.79
6/25/2015,early_summer,CHA,periodic,1429,3.21,10.49,35.63,SCH3,11:50,M,yearling,45,1.55,NA,NA,NA,NA,23.23
6/25/2015,early_summer,CHA,periodic,1429,3.21,10.49,35.63,SCH4,12:00,F,yearling,45,1.4,NA,NA,NA,NA,20.82
6/25/2015,early_summer,CHA,periodic,1429,3.21,10.49,35.63,SCH5,12:08,M,yearling,45,1.6,NA,NA,NA,NA,27.19
6/25/2015,early_summer,CHA,periodic,1429,3.21,10.49,35.63,SCH6,12:20,M,yearling,47,2.05,NA,NA,NA,NA,10.05
6/25/2015,early_summer,CHA,periodic,1429,3.21,10.49,35.63,426,12:23,F,adult,55,2.845,7/17/2015,-22,0,0,16.51
6/25/2015,early_summer,CHA,periodic,1429,3.21,10.49,35.63,MCH4,12:25,M,adult,63,5.2,NA,NA,NA,NA,12.09
6/25/2015,early_summer,CHA,periodic,1429,3.21,10.49,35.63,SCH7,12:30,F,yearling,48,1.95,NA,NA,NA,NA,22.63
6/25/2015,early_summer,CHA,periodic,1429,3.21,10.49,35.63,SCH8,12:39,M,yearling,51,1.65,NA,NA,NA,NA,18.22
6/25/2015,early_summer,CHA,periodic,1429,3.21,10.49,35.63,SCH9,12:50,M,yearling,51,2.55,NA,NA,NA,NA,18.08
6/25/2015,early_summer,CHA,periodic,1429,3.21,10.49,35.63,SCH10,12:55,M,yearling,50,2.3,NA,NA,NA,NA,8.89
6/25/2015,early_summer,CHA,periodic,1429,3.21,10.49,35.63,SCH11,12:55,M,yearling,46,1.85,NA,NA,NA,NA,13.3
6/25/2015,early_summer,CHA,periodic,1429,3.21,10.49,35.63,SCH12,13:00,F,yearling,45,1.15,NA,NA,NA,NA,9.18
6/25/2015,early_summer,CHA,periodic,1429,3.21,10.49,35.63,SCH13,13:00,M,yearling,48,2,NA,NA,NA,NA,5.42
6/25/2015,early_summer,CHA,periodic,1429,3.21,10.49,35.63,428,13:05,F,adult,62,3.948,7/16/2015,-21,3,0.613,25.75
6/25/2015,early_summer,CHA,periodic,1429,3.21,10.49,35.63,SCH14,13:10,F,yearling,51,2.05,NA,NA,NA,NA,6.16
6/25/2015,early_summer,CHA,periodic,1429,3.21,10.49,35.63,429,13:10,F,adult,68,6.815,7/13/2015,-18,8,1.351,27.02
6/25/2015,early_summer,CHA,periodic,1429,3.21,10.49,35.63,SCH15,13:15,F,yearling,50,2.15,NA,NA,NA,NA,11.16
6/25/2015,early_summer,CHA,periodic,1429,3.21,10.49,35.63,430,13:18,F,adult,65,4.085,7/13/2015,-18,5,0.872,29.51
6/25/2015,early_summer,CHA,periodic,1429,3.21,10.49,35.63,MCH5,13:45,M,adult,57,3.85,NA,NA,NA,NA,6.3
6/25/2015,early_summer,CHA,periodic,1429,3.21,10.49,35.63,431,13:45,F,adult,60,4.614,7/15/2015,-20,4,0.685,29.13
6/25/2015,early_summer,CHA,periodic,1429,3.21,10.49,35.63,433,13:50,F,adult,65,5.687,7/15/2015,-20,5,0.83,13.03
6/25/2015,early_summer,CHA,periodic,1429,3.21,10.49,35.63,MCH6,13:55,M,adult,56,3.9,NA,NA,NA,NA,2.97
6/25/2015,early_summer,CHA,periodic,1429,3.21,10.49,35.63,MCH7,13:55,M,adult,55,3,NA,NA,NA,NA,6.55
6/25/2015,early_summer,CHA,periodic,1429,3.21,10.49,35.63,432,14:00,F,adult,61,4.886,7/16/2015,-21,6,1.023,26.29
6/25/2015,early_summer,CHA,periodic,1429,3.21,10.49,35.63,434,14:05,F,adult,56,3.711,NA,NA,NA,NA,24.86
6/25/2015,early_summer,CHA,periodic,1429,3.21,10.49,35.63,435,14:08,F,adult,61,4.632,7/16/2015,-21,5,0.952,25.1
6/25/2015,early_summer,CHA,periodic,1429,3.21,10.49,35.63,MCH8,16:45,M,adult,52,3,NA,NA,NA,NA,9.97
6/25/2015,early_summer,CHA,periodic,1429,3.21,10.49,35.63,MCH9,16:50,M,adult,57,3.65,NA,NA,NA,NA,8.46
6/25/2015,early_summer,CHA,periodic,1429,3.21,10.49,35.63,MCH10,17:00,M,adult,56,3.45,NA,NA,NA,NA,13.16
6/25/2015,early_summer,BAS,permanent,1515,95.65,9.04,38.5,MBG1,14:35,M,adult,62,4.15,NA,NA,NA,NA,12.49
6/25/2015,early_summer,BAS,permanent,1515,95.65,9.04,38.5,MBG2,14:35,M,adult,60,4,NA,NA,NA,NA,6.26
6/25/2015,early_summer,BAS,permanent,1515,95.65,9.04,38.5,SBG1,14:35,F,yearling,41,1.05,NA,NA,NA,NA,15
6/25/2015,early_summer,BAS,permanent,1515,95.65,9.04,38.5,436,14:37,F,adult,59,4.179,7/11/2015,-16,4,0.797,24.36
6/25/2015,early_summer,BAS,permanent,1515,95.65,9.04,38.5,SBG2,14:43,M,yearling,49,2.05,NA,NA,NA,NA,7.09
6/25/2015,early_summer,BAS,permanent,1515,95.65,9.04,38.5,437,14:45,F,adult,61,5.163,7/8/2015,-13,5,1.149,14.06
6/25/2015,early_summer,BAS,permanent,1515,95.65,9.04,38.5,SBG3,14:50,M,yearling,44,1.4,NA,NA,NA,NA,10.34
6/25/2015,early_summer,BAS,permanent,1515,95.65,9.04,38.5,SBG4,14:52,M,yearling,44,1.45,NA,NA,NA,NA,9
6/25/2015,early_summer,BAS,permanent,1515,95.65,9.04,38.5,MBG3,14:55,M,adult,56,3.4,NA,NA,NA,NA,6.59
6/25/2015,early_summer,BAS,permanent,1515,95.65,9.04,38.5,438,14:57,F,adult,63,4.695,7/15/2015,-20,5,1.139,19.86
6/25/2015,early_summer,BAS,permanent,1515,95.65,9.04,38.5,MBG5,14:55,M,adult,53,3.1,NA,NA,NA,NA,11.7
6/25/2015,early_summer,BAS,permanent,1515,95.65,9.04,38.5,MBG4,14:55,M,adult,50,2.1,NA,NA,NA,NA,5.32
6/25/2015,early_summer,BAS,permanent,1515,95.65,9.04,38.5,SBG6,15:00,M,yearling,43,1.55,NA,NA,NA,NA,27.43
6/25/2015,early_summer,BAS,permanent,1515,95.65,9.04,38.5,439,15:00,F,adult,53,3.675,7/12/2015,-17,3,0.619,23.85
6/25/2015,early_summer,BAS,permanent,1515,95.65,9.04,38.5,440,15:07,F,adult,61,4.189,7/13/2015,-18,3,0.587,32.26
6/25/2015,early_summer,BAS,permanent,1515,95.65,9.04,38.5,441,15:10,F,adult,61,5.9,7/13/2015,-18,7,1.287,81.57
6/25/2015,early_summer,BAS,permanent,1515,95.65,9.04,38.5,442,15:10,F,adult,58,4.514,7/12/2015,-17,4,0.791,21.17
6/25/2015,early_summer,BAS,permanent,1515,95.65,9.04,38.5,443,15:12,F,adult,58,3.602,7/16/2015,-21,2,0.388,27.44
6/25/2015,early_summer,BAS,permanent,1515,95.65,9.04,38.5,MBG6,15:15,M,adult,63,3.15,NA,NA,NA,NA,9.7
6/25/2015,early_summer,BAS,permanent,1515,95.65,9.04,38.5,444,15:15,F,adult,61,4.493,7/11/2015,-16,5,1.096,52.73
6/25/2015,early_summer,BAS,permanent,1515,95.65,9.04,38.5,MBG7,15:20,M,adult,54,3.15,NA,NA,NA,NA,10.09
6/25/2015,early_summer,BAS,permanent,1515,95.65,9.04,38.5,MBG8,15:20,M,adult,54,3.1,NA,NA,NA,NA,5.21
6/25/2015,early_summer,BAS,permanent,1515,95.65,9.04,38.5,MBG9,15:25,M,adult,59,4.5,NA,NA,NA,NA,3.49
6/25/2015,early_summer,BAS,permanent,1515,95.65,9.04,38.5,MBG10,15:25,M,adult,52,2.7,NA,NA,NA,NA,9.72
6/25/2015,early_summer,BAS,permanent,1515,95.65,9.04,38.5,445,15:30,F,adult,55,2.207,7/16/2015,-21,3,0.554,35
6/25/2015,early_summer,BAS,permanent,1515,95.65,9.04,38.5,SBG5,15:35,M,yearling,45,1.55,NA,NA,NA,NA,5.51
6/25/2015,early_summer,BAS,permanent,1515,95.65,9.04,38.5,SBG7,15:35,M,yearling,47,2,NA,NA,NA,NA,6.7
6/25/2015,early_summer,BAS,permanent,1515,95.65,9.04,38.5,446,15:35,F,adult,56,3.819,7/11/2015,-16,4,0.819,21.12
6/25/2015,early_summer,BAS,permanent,1515,95.65,9.04,38.5,447,15:40,F,adult,61,3.817,7/13/2015,-18,4,0.796,20.94
6/25/2015,early_summer,BAS,permanent,1515,95.65,9.04,38.5,SBG8,15:45,F,yearling,43,1.2,NA,NA,NA,NA,23.17
6/25/2015,early_summer,BAS,permanent,1515,95.65,9.04,38.5,SBG9,15:50,M,yearling,47,1.9,NA,NA,NA,NA,7.54
6/25/2015,early_summer,BAS,permanent,1515,95.65,9.04,38.5,448,15:50,F,adult,57,4.136,7/8/2015,-13,4,0.741,24.24
6/25/2015,early_summer,BAS,permanent,1515,95.65,9.04,38.5,449,15:55,F,adult,62,5.275,7/9/2015,-14,3,0.654,35.13
6/25/2015,early_summer,BAS,permanent,1515,95.65,9.04,38.5,SBG10,15:55,F,yearling,42,1.1,NA,NA,NA,NA,18.19
6/25/2015,early_summer,BAS,permanent,1515,95.65,9.04,38.5,450,15:55,F,adult,56,4.035,7/13/2015,-18,4,0.599,24.24
6/25/2015,early_summer,BAS,permanent,1515,95.65,9.04,38.5,SBG11,16:00,F,yearling,53,2.05,NA,NA,NA,NA,48.28
6/25/2015,early_summer,BAS,permanent,1515,95.65,9.04,38.5,SBG12,16:05,M,yearling,47,1.85,NA,NA,NA,NA,27.22
6/25/2015,early_summer,BAS,permanent,1515,95.65,9.04,38.5,SBG13,16:15,M,yearling,43,1.5,NA,NA,NA,NA,22.24
6/25/2015,early_summer,BAS,permanent,1515,95.65,9.04,38.5,SBG14,16:15,M,yearling,48,2,NA,NA,NA,NA,25.67
6/25/2015,early_summer,BAS,permanent,1515,95.65,9.04,38.5,SBG15,16:30,M,yearling,41,1.35,NA,NA,NA,NA,16.21
6/26/2015,early_summer,PEJ,permanent,1208,10.77,8,39.19,SPE1,11:05,F,yearling,48,2.35,NA,NA,NA,NA,35.2
6/26/2015,early_summer,PEJ,permanent,1208,10.77,8,39.19,451,11:10,M,adult,54,4.057,NA,NA,NA,NA,62
6/26/2015,early_summer,PEJ,permanent,1208,10.77,8,39.19,SPE2,11:20,F,yearling,53,2.65,NA,NA,NA,NA,44.29
6/26/2015,early_summer,PEJ,permanent,1208,10.77,8,39.19,SPE3,11:25,F,yearling,51,2.4,NA,NA,NA,NA,21.12
6/26/2015,early_summer,PEJ,permanent,1208,10.77,8,39.19,452,11:30,F,adult,57,3.37,7/15/2015,-19,3,0.443,54.07
6/26/2015,early_summer,PEJ,permanent,1208,10.77,8,39.19,453,11:33,F,adult,69,NA,7/9/2015,-13,8,1.341,45.07
6/26/2015,early_summer,PEJ,permanent,1208,10.77,8,39.19,454,11:45,M,adult,56,4.11,NA,NA,NA,NA,13.92
6/26/2015,early_summer,PEJ,permanent,1208,10.77,8,39.19,456,11:55,F,adult,71,6.81,7/13/2015,-17,8,1.427,27.5
6/26/2015,early_summer,PEJ,permanent,1208,10.77,8,39.19,455,11:59,F,adult,62,4.661,7/8/2015,-12,6,0.918,50.21
6/26/2015,early_summer,PEJ,permanent,1208,10.77,8,39.19,457,12:05,F,adult,68,7.719,7/7/2015,-11,8,1.445,31.64
6/26/2015,early_summer,PEJ,permanent,1208,10.77,8,39.19,SPE4,12:10,M,yearling,52,2.95,NA,NA,NA,NA,30.58
6/26/2015,early_summer,PEJ,permanent,1208,10.77,8,39.19,SPE5,12:14,M,yearling,46,2,NA,NA,NA,NA,13.5
6/26/2015,early_summer,PEJ,permanent,1208,10.77,8,39.19,SPE6,12:17,M,yearling,43,1.55,NA,NA,NA,NA,14.91
6/26/2015,early_summer,PEJ,permanent,1208,10.77,8,39.19,458,12:19,M,adult,54,3.356,NA,NA,NA,NA,11.37
6/26/2015,early_summer,PEJ,permanent,1208,10.77,8,39.19,459,12:21,M,adult,51,2.664,NA,NA,NA,NA,13.83
6/26/2015,early_summer,PEJ,permanent,1208,10.77,8,39.19,SPE7,12:25,F,yearling,51,2.15,NA,NA,NA,NA,39.07
6/26/2015,early_summer,PEJ,permanent,1208,10.77,8,39.19,460,12:30,F,adult,66,5.474,7/5/2015,-9,5,0.928,46.11
6/26/2015,early_summer,PEJ,permanent,1208,10.77,8,39.19,461,12:33,M,adult,57,4.077,NA,NA,NA,NA,20.81
6/26/2015,early_summer,PEJ,permanent,1208,10.77,8,39.19,462,12:35,F,adult,63,6.41,7/9/2015,-13,7,1.217,54.44
6/26/2015,early_summer,PEJ,permanent,1208,10.77,8,39.19,463,12:40,M,adult,58,4.432,NA,NA,NA,NA,26.06
6/26/2015,early_summer,PEJ,permanent,1208,10.77,8,39.19,8-Sep,12:50,M,yearling,46,1.95,NA,NA,NA,NA,26.25
6/26/2015,early_summer,PEJ,permanent,1208,10.77,8,39.19,464,12:55,M,adult,58,4.378,NA,NA,NA,NA,19.77
6/26/2015,early_summer,PEJ,permanent,1208,10.77,8,39.19,465,12:59,F,adult,69,6.984,7/8/2015,-12,7,1.385,46.67
6/26/2015,early_summer,PEJ,permanent,1208,10.77,8,39.19,466,13:00,F,adult,64,5.11,7/9/2015,-13,5,0.89,24.12
6/26/2015,early_summer,PEJ,permanent,1208,10.77,8,39.19,SPE9,13:10,M,adult,52,2.865,NA,NA,NA,NA,10.52
6/26/2015,early_summer,PEJ,permanent,1208,10.77,8,39.19,SPE10,13:10,M,yearling,47,2.25,NA,NA,NA,NA,15.25
6/26/2015,early_summer,PEJ,permanent,1208,10.77,8,39.19,467,13:15,M,adult,57,3.463,NA,NA,NA,NA,40.4
6/26/2015,early_summer,PEJ,permanent,1208,10.77,8,39.19,SPE11,13:25,F,yearling,51,2.4,NA,NA,NA,NA,12.18
6/26/2015,early_summer,PEJ,permanent,1208,10.77,8,39.19,468,13:45,F,adult,61,4.309,7/12/2015,-16,4,0.705,35.58
6/26/2015,early_summer,PEJ,permanent,1208,10.77,8,39.19,SPE12,13:57,M,yearling,47,2.2,NA,NA,NA,NA,8.66
6/26/2015,early_summer,PEJ,permanent,1208,10.77,8,39.19,469,13:59,F,adult,62,5.045,7/6/2015,-10,2,0.275,37.07
6/26/2015,early_summer,PEJ,permanent,1208,10.77,8,39.19,SPE13,14:11,F,yearling,56,2.65,NA,NA,NA,NA,16.62
6/26/2015,early_summer,PEJ,permanent,1208,10.77,8,39.19,470,14:05,F,adult,63,5.142,7/7/2015,-11,5,0.864,44.22
6/26/2015,early_summer,PEJ,permanent,1208,10.77,8,39.19,SPE14,14:15,M,yearling,49,2.3,NA,NA,NA,NA,11.78
6/26/2015,early_summer,PEJ,permanent,1208,10.77,8,39.19,471,14:20,F,adult,63,5.53,7/8/2015,-12,2,0.383,48.28
6/26/2015,early_summer,PEJ,permanent,1208,10.77,8,39.19,SPE15,14:30,M,yearling,47,2.25,NA,NA,NA,NA,12.59
6/26/2015,early_summer,PEJ,permanent,1208,10.77,8,39.19,472,14:30,F,adult,61,5.159,7/3/2015,-7,4,0.684,62.36
6/26/2015,early_summer,PEJ,permanent,1208,10.77,8,39.19,473,14:37,F,adult,65,6.097,7/8/2015,-12,3,0.503,59.14
6/26/2015,early_summer,PEJ,permanent,1208,10.77,8,39.19,474,14:40,M,adult,55,3.608,NA,NA,NA,NA,30.45
6/26/2015,early_summer,PEJ,permanent,1208,10.77,8,39.19,475,14:45,M,adult,55,3.125,NA,NA,NA,NA,24.47
6/26/2015,early_summer,PEJ,permanent,1208,10.77,8,39.19,476,14:47,F,adult,57,4.235,7/6/2015,-10,5,0.799,46.95
6/26/2015,early_summer,PEJ,permanent,1208,10.77,8,39.19,477,15:20,F,adult,64,5.59,7/8/2015,-12,5,0.896,44.08
6/26/2015,early_summer,PEJ,permanent,1208,10.77,8,39.19,478,15:35,F,adult,65,5.82,7/6/2015,-10,8,1.245,49.86
6/26/2015,early_summer,PEJ,permanent,1208,10.77,8,39.19,479,15:45,F,adult,60,4.444,7/6/2015,-10,5,0.802,21.39
6/26/2015,early_summer,PEJ,permanent,1208,10.77,8,39.19,480,16:10,F,adult,67,6.184,7/8/2015,-12,7,1.225,44.74
6/26/2015,early_summer,PEJ,permanent,1208,10.77,8,39.19,481,16:20,F,adult,62,5.938,7/8/2015,-12,7,1.22,30.65
6/26/2015,early_summer,PEJ,permanent,1208,10.77,8,39.19,482,16:30,F,adult,61,4.58,7/8/2015,-12,4,0.589,19.8
6/26/2015,early_summer,PEJ,permanent,1208,10.77,8,39.19,483,16:35,F,adult,62,4.959,7/8/2015,-12,4,0.595,178.52
6/26/2015,early_summer,PEJ,permanent,1208,10.77,8,39.19,484,16:38,F,adult,61,4.493,7/8/2015,-12,4,0.683,25.34
6/26/2015,early_summer,CARM,permanent,1212,1.41,9.68,32.97,486,11:10,F,adult,61,4.291,7/12/2015,-16,4,0.629,30.11
6/26/2015,early_summer,CARM,permanent,1212,1.41,9.68,32.97,487,11:12,M,adult,55,3.952,NA,NA,NA,NA,7.21
6/26/2015,early_summer,CARM,permanent,1212,1.41,9.68,32.97,488,11:15,M,adult,48,2.106,NA,NA,NA,NA,18.03
6/26/2015,early_summer,CARM,permanent,1212,1.41,9.68,32.97,489,11:23,F,adult,65,6.889,7/7/2015,-11,9,1.571,20.76
6/26/2015,early_summer,CARM,permanent,1212,1.41,9.68,32.97,490,11:30,M,adult,52,2.894,NA,NA,NA,NA,12.52
6/26/2015,early_summer,CARM,permanent,1212,1.41,9.68,32.97,491,11:30,F,adult,65,5.01,7/8/2015,-12,6,0.819,37.53
6/26/2015,early_summer,CARM,permanent,1212,1.41,9.68,32.97,492,11:45,F,adult,70,8.039,7/5/2015,-9,12,1.988,47.85
6/26/2015,early_summer,CARM,permanent,1212,1.41,9.68,32.97,SCM1,11:48,F,yearling,52,2.35,NA,NA,NA,NA,12.89
6/26/2015,early_summer,CARM,permanent,1212,1.41,9.68,32.97,493,11:50,F,adult,57,4.317,7/8/2015,-12,6,1.033,149.43
6/26/2015,early_summer,CARM,permanent,1212,1.41,9.68,32.97,SCM2,11:50,F,yearling,47,1.65,NA,NA,NA,NA,22.74
6/26/2015,early_summer,CARM,permanent,1212,1.41,9.68,32.97,494,11:55,M,adult,55,4.094,NA,NA,NA,NA,32.26
6/26/2015,early_summer,CARM,permanent,1212,1.41,9.68,32.97,495,12:05,M,adult,57,4.564,NA,NA,NA,NA,13.46
6/26/2015,early_summer,CARM,permanent,1212,1.41,9.68,32.97,SCM3,12:05,M,yearling,46,2.1,NA,NA,NA,NA,30.26
6/26/2015,early_summer,CARM,permanent,1212,1.41,9.68,32.97,496,12:05,M,adult,55,3.886,NA,NA,NA,NA,12.79
6/26/2015,early_summer,CARM,permanent,1212,1.41,9.68,32.97,497,12:10,M,adult,48,2.301,NA,NA,NA,NA,14.14
6/26/2015,early_summer,CARM,permanent,1212,1.41,9.68,32.97,SCM4,12:10,M,yearling,46,1.95,NA,NA,NA,NA,13.37
6/26/2015,early_summer,CARM,permanent,1212,1.41,9.68,32.97,498,12:14,F,adult,64,5.442,7/9/2015,-13,3,0.536,62.5
6/26/2015,early_summer,CARM,permanent,1212,1.41,9.68,32.97,499,12:15,M,adult,59,4.563,NA,NA,NA,NA,6.1
6/26/2015,early_summer,CARM,permanent,1212,1.41,9.68,32.97,500,12:20,F,adult,64,5.362,7/8/2015,-12,7,1.202,35.79
6/26/2015,early_summer,CARM,permanent,1212,1.41,9.68,32.97,501,12:20,F,adult,66,6.958,7/10/2015,-14,9,1.573,27.98
6/26/2015,early_summer,CARM,permanent,1212,1.41,9.68,32.97,SCM5,12:25,M,yearling,48,2.3,NA,NA,NA,NA,22.73
6/26/2015,early_summer,CARM,permanent,1212,1.41,9.68,32.97,SCM6,12:30,F,yearling,53,2.35,NA,NA,NA,NA,30.01
6/26/2015,early_summer,CARM,permanent,1212,1.41,9.68,32.97,502,12:35,M,adult,56,3.6,NA,NA,NA,NA,13.01
6/26/2015,early_summer,CARM,permanent,1212,1.41,9.68,32.97,503,12:38,F,adult,63,5.009,7/8/2015,-12,2,0.331,37.44
6/26/2015,early_summer,CARM,permanent,1212,1.41,9.68,32.97,504,12:40,F,adult,64,5.36,7/8/2015,-12,7,1.108,37.72
6/26/2015,early_summer,CARM,permanent,1212,1.41,9.68,32.97,505,12:45,F,adult,61,5.114,7/3/2015,-7,8,0.989,15.99
6/26/2015,early_summer,CARM,permanent,1212,1.41,9.68,32.97,SCM7,12:48,M,yearling,47,2,NA,NA,NA,NA,6.89
6/26/2015,early_summer,CARM,permanent,1212,1.41,9.68,32.97,506,12:50,F,adult,64,5.78,7/8/2015,-12,6,1.156,20.14
6/26/2015,early_summer,CARM,permanent,1212,1.41,9.68,32.97,SCM8,12:55,M,yearling,47,2.2,NA,NA,NA,NA,32.96
6/26/2015,early_summer,CARM,permanent,1212,1.41,9.68,32.97,507,12:58,F,adult,63,4.908,7/11/2015,-15,5,0.856,25.63
6/26/2015,early_summer,CARM,permanent,1212,1.41,9.68,32.97,508,13:05,M,adult,53,3.619,NA,NA,NA,NA,0.93
6/26/2015,early_summer,CARM,permanent,1212,1.41,9.68,32.97,509,13:20,F,adult,64,6.154,7/11/2015,-15,9,1.393,64.22
6/26/2015,early_summer,CARM,permanent,1212,1.41,9.68,32.97,SCM9,13:25,M,yearling,49,2.4,NA,NA,NA,NA,5.02
6/26/2015,early_summer,CARM,permanent,1212,1.41,9.68,32.97,SCM10,13:30,F,yearling,49,1.95,NA,NA,NA,NA,32.84
6/26/2015,early_summer,CARM,permanent,1212,1.41,9.68,32.97,SCM11,13:35,F,yearling,50,2.15,NA,NA,NA,NA,20.48
6/26/2015,early_summer,CARM,permanent,1212,1.41,9.68,32.97,SCM12,14:05,F,yearling,48,2.1,NA,NA,NA,NA,8.37
6/26/2015,early_summer,CARM,permanent,1212,1.41,9.68,32.97,SCM13,14:10,M,yearling,49,2.4,NA,NA,NA,NA,7.61
6/26/2015,early_summer,CARM,permanent,1212,1.41,9.68,32.97,SCM14,14:20,M,yearling,48,2.35,NA,NA,NA,NA,31.52
6/26/2015,early_summer,CARM,permanent,1212,1.41,9.68,32.97,SCM15,14:20,M,yearling,48,2.6,NA,NA,NA,NA,14.28
6/26/2015,early_summer,CARM,permanent,1212,1.41,9.68,32.97,510,14:25,F,adult,62,5.44,7/3/2015,-7,0,0,280
6/26/2015,early_summer,CARM,permanent,1212,1.41,9.68,32.97,511,14:25,F,adult,61,5.734,7/7/2015,-11,7,1.154,50.41
6/26/2015,early_summer,CARM,permanent,1212,1.41,9.68,32.97,512,14:35,F,adult,60,4.906,7/11/2015,-15,6,0.993,54.89
6/26/2015,early_summer,CARM,permanent,1212,1.41,9.68,32.97,513,14:45,F,adult,58,5.361,7/8/2015,-12,4,0.661,38.66
6/26/2015,early_summer,CARM,permanent,1212,1.41,9.68,32.97,514,14:45,F,adult,64,6.258,7/7/2015,-11,8,1.229,63.84
6/26/2015,early_summer,CARM,permanent,1212,1.41,9.68,32.97,515,15:15,F,adult,61,5.088,7/8/2015,-12,6,1.135,41.87
6/26/2015,early_summer,CARM,permanent,1212,1.41,9.68,32.97,516,16:05,F,adult,67,6.318,7/8/2015,-12,6,1.19,66.51
6/26/2015,early_summer,CARM,permanent,1212,1.41,9.68,32.97,517,16:45,F,adult,61,5.786,7/7/2015,-11,4,0.621,47.03
6/26/2015,early_summer,CARM,permanent,1212,1.41,9.68,32.97,518,16:55,F,adult,66,6.859,7/7/2015,-11,6,1.16,22.6
6/26/2015,early_summer,CARM,permanent,1212,1.41,9.68,32.97,519,17:05,F,adult,57,4.283,7/12/2015,-16,4,0.575,41.2
6/28/2015,early_summer,PUY,permanent,1450,-25,12.63,32.55,521,10:50,M,adult,54,4.332,NA,NA,NA,NA,48.28
6/28/2015,early_summer,PUY,permanent,1450,-25,12.63,32.55,522,10:52,M,adult,54,3.655,NA,NA,NA,NA,25.34
6/28/2015,early_summer,PUY,permanent,1450,-25,12.63,32.55,SPU1,11:08,F,yearling,NA,NA,NA,NA,NA,NA,16.53
6/28/2015,early_summer,PUY,permanent,1450,-25,12.63,32.55,523,11:10,F,adult,60,3.749,7/14/2015,-16,0,0,81.63
6/28/2015,early_summer,PUY,permanent,1450,-25,12.63,32.55,526,11:35,M,adult,54,3.244,NA,NA,NA,NA,27.68
6/28/2015,early_summer,PUY,permanent,1450,-25,12.63,32.55,SPU2,11:40,F,yearling,46,1.25,NA,NA,NA,NA,15.17
6/28/2015,early_summer,PUY,permanent,1450,-25,12.63,32.55,527,11:45,F,adult,57,3.232,NA,NA,NA,NA,16.4
6/28/2015,early_summer,PUY,permanent,1450,-25,12.63,32.55,528,11:45,F,adult,65,5.349,7/10/2015,-12,5,0.923,44.9
6/28/2015,early_summer,PUY,permanent,1450,-25,12.63,32.55,529,11:55,M,adult,56,3.618,NA,NA,NA,NA,21.6
6/28/2015,early_summer,PUY,permanent,1450,-25,12.63,32.55,SPU3,12:03,F,yearling,47,1.6,NA,NA,NA,NA,11.16
6/28/2015,early_summer,PUY,permanent,1450,-25,12.63,32.55,530,12:03,M,adult,49,2.798,NA,NA,NA,NA,14.28
6/28/2015,early_summer,PUY,permanent,1450,-25,12.63,32.55,SPU4,12:10,M,yearling,49,2.3,NA,NA,NA,NA,22.41
6/28/2015,early_summer,PUY,permanent,1450,-25,12.63,32.55,SPU5,12:15,M,yearling,50,2.4,NA,NA,NA,NA,20.94
6/28/2015,early_summer,PUY,permanent,1450,-25,12.63,32.55,531,12:30,M,adult,55,3.442,NA,NA,NA,NA,33.63
6/28/2015,early_summer,PUY,permanent,1450,-25,12.63,32.55,SPU6,12:30,M,yearling,49,2,NA,NA,NA,NA,11
6/28/2015,early_summer,PUY,permanent,1450,-25,12.63,32.55,532,12:40,M,adult,55,3.904,NA,NA,NA,NA,37.7
6/28/2015,early_summer,PUY,permanent,1450,-25,12.63,32.55,533,12:40,F,adult,61,3.765,7/16/2015,-18,0,0,22.55
6/28/2015,early_summer,PUY,permanent,1450,-25,12.63,32.55,534,12:40,M,adult,50,2.665,NA,NA,NA,NA,17.62
6/28/2015,early_summer,PUY,permanent,1450,-25,12.63,32.55,535,12:45,F,adult,58,3.651,7/15/2015,-17,2,0.201,42.79
6/28/2015,early_summer,PUY,permanent,1450,-25,12.63,32.55,536,12:45,M,adult,55,4.303,NA,NA,NA,NA,27.97
6/28/2015,early_summer,PUY,permanent,1450,-25,12.63,32.55,537,12:45,F,adult,58,3.55,NA,NA,NA,NA,26.35
6/28/2015,early_summer,PUY,permanent,1450,-25,12.63,32.55,538,12:50,M,adult,56,3.197,NA,NA,NA,NA,38.41
6/28/2015,early_summer,PUY,permanent,1450,-25,12.63,32.55,539,12:56,F,adult,57,3,NA,NA,NA,NA,35.97
6/28/2015,early_summer,PUY,permanent,1450,-25,12.63,32.55,540,11:35,M,adult,57,4.378,NA,NA,NA,NA,20.9
6/28/2015,early_summer,PUY,permanent,1450,-25,12.63,32.55,541,11:45,M,adult,53,3.21,NA,NA,NA,NA,30.73
6/28/2015,early_summer,PUY,permanent,1450,-25,12.63,32.55,542,11:55,M,adult,55,3.804,NA,NA,NA,NA,6.75
6/28/2015,early_summer,PUY,permanent,1450,-25,12.63,32.55,SPU8,12:05,F,yearling,52,2.05,NA,NA,NA,NA,24.15
6/28/2015,early_summer,PUY,permanent,1450,-25,12.63,32.55,543,12:25,F,adult,59,3.897,7/16/2015,-18,1,0.129,29.19
6/28/2015,early_summer,PUY,permanent,1450,-25,12.63,32.55,544,12:35,F,adult,64,4.308,NA,NA,NA,NA,37.53
6/28/2015,early_summer,PUY,permanent,1450,-25,12.63,32.55,545,12:40,M,adult,58,4.094,NA,NA,NA,NA,17.99
6/28/2015,early_summer,PUY,permanent,1450,-25,12.63,32.55,SPU9,13:27,M,yearling,43,1.5,NA,NA,NA,NA,9.67
6/28/2015,early_summer,PUY,permanent,1450,-25,12.63,32.55,546,14:40,F,adult,43,2.9,NA,NA,NA,NA,12.37
6/28/2015,early_summer,PUY,permanent,1450,-25,12.63,32.55,547,14:45,F,adult,62,4.859,7/11/2015,-13,3,0.448,43.55
6/28/2015,early_summer,PUY,permanent,1450,-25,12.63,32.55,548,14:45,F,adult,66,4.881,7/11/2015,-13,4,0.635,42.42
6/28/2015,early_summer,PUY,permanent,1450,-25,12.63,32.55,SPU10,14:50,F,adult,57,2.95,NA,NA,NA,NA,10.82
6/28/2015,early_summer,PUY,permanent,1450,-25,12.63,32.55,SPU11,14:55,M,yearling,40,1.3,NA,NA,NA,NA,9.47
6/28/2015,early_summer,PUY,permanent,1450,-25,12.63,32.55,549,15:15,F,adult,60,3.529,NA,NA,NA,NA,22.96
6/28/2015,early_summer,PUY,permanent,1450,-25,12.63,32.55,550,16:15,F,adult,58,3.6,NA,NA,NA,NA,17.25
6/28/2015,early_summer,PUY,permanent,1450,-25,12.63,32.55,551,13:25,F,adult,60,4.317,7/14/2015,-16,3,0.468,41.11
6/28/2015,early_summer,PUY,permanent,1450,-25,12.63,32.55,SPU7,13:40,M,yearling,48,1.9,NA,NA,NA,NA,15.22
6/28/2015,early_summer,PUY,permanent,1450,-25,12.63,32.55,552,14:25,F,adult,NA,NA,NA,NA,NA,NA,12.39
6/28/2015,early_summer,PUY,permanent,1450,-25,12.63,32.55,553,14:50,F,adult,61,4.016,NA,NA,NA,NA,22.2
6/28/2015,early_summer,PUY,permanent,1450,-25,12.63,32.55,554,14:55,F,adult,62,5.701,7/14/2015,-16,6,1.078,23.99
6/28/2015,early_summer,PUY,permanent,1450,-25,12.63,32.55,555,15:02,F,adult,59,3.4,NA,NA,NA,NA,8.41
6/28/2015,early_summer,PUY,permanent,1450,-25,12.63,32.55,557,15:10,F,adult,65,6.206,7/12/2015,-14,6,0.93,18.67
6/28/2015,early_summer,PUY,permanent,1450,-25,12.63,32.55,558,15:15,F,adult,66,6.72,7/11/2015,-13,5,0.88,13.07
6/28/2015,early_summer,PUY,permanent,1450,-25,12.63,32.55,559,15:20,F,adult,70,6.748,7/11/2015,-13,6,1.252,14.07
6/28/2015,early_summer,PUY,permanent,1450,-25,12.63,32.55,SPU13,15:35,F,yearling,55,2.5,NA,NA,NA,NA,6.45
6/28/2015,early_summer,PUY,permanent,1450,-25,12.63,32.55,SPU14,15:55,F,yearling,56,NA,NA,NA,NA,NA,8.1
6/28/2015,early_summer,PUY,permanent,1450,-25,12.63,32.55,560,15:55,F,adult,67,5.784,7/11/2015,-13,2,0.34,19.8
6/28/2015,early_summer,PUY,permanent,1450,-25,12.63,32.55,561,16:00,F,adult,65,5.728,7/11/2015,-13,4,0.844,19.26
6/28/2015,early_summer,PUY,permanent,1450,-25,12.63,32.55,562,16:10,F,adult,78,8.695,7/11/2015,-13,8,1.464,14.4
6/28/2015,early_summer,PUY,permanent,1450,-25,12.63,32.55,563,16:20,F,adult,64,6.961,7/9/2015,-11,8,1.505,27.9
6/28/2015,early_summer,PUY,permanent,1450,-25,12.63,32.55,564,16:34,F,adult,70,7.108,7/11/2015,-13,8,1.565,22.4
6/28/2015,early_summer,PUY,permanent,1450,-25,12.63,32.55,565,16:50,F,adult,68,6.237,7/13/2015,-15,0,0,21.25
7/19/2015,mid_summer,CHA,periodic,1429,3.21,10.49,35.63,SCH20,14:50,F,yearling,54,3.05,NA,NA,NA,NA,1.42
7/19/2015,mid_summer,CHA,periodic,1429,3.21,10.49,35.63,SCH21,15:06,M,yearling,50,3,NA,NA,NA,NA,15.25
7/19/2015,mid_summer,CHA,periodic,1429,3.21,10.49,35.63,SCH22,15:16,M,yearling,51,2.8,NA,NA,NA,NA,3.44
7/19/2015,mid_summer,CHA,periodic,1429,3.21,10.49,35.63,SCH24,15:20,F,yearling,56,2.75,NA,NA,NA,NA,6.09
7/19/2015,mid_summer,CHA,periodic,1429,3.21,10.49,35.63,SCH25,15:20,M,yearling,54,3.4,NA,NA,NA,NA,6.2
7/19/2015,mid_summer,CHA,periodic,1429,3.21,10.49,35.63,SCH26,15:30,F,yearling,51,2.5,NA,NA,NA,NA,1.6
7/19/2015,mid_summer,CHA,periodic,1429,3.21,10.49,35.63,SCH27,15:40,M,yearling,57,2.8,NA,NA,NA,NA,11.23
7/19/2015,mid_summer,CHA,periodic,1429,3.21,10.49,35.63,SCH28,15:50,F,yearling,51,2.5,NA,NA,NA,NA,5.5
7/19/2015,mid_summer,CHA,periodic,1429,3.21,10.49,35.63,SCH29,15:50,F,yearling,55,3.1,NA,NA,NA,NA,5.49
7/19/2015,mid_summer,CHA,periodic,1429,3.21,10.49,35.63,SCH30,15:53,F,yearling,57,2.5,NA,NA,NA,NA,14.1
7/19/2015,mid_summer,CHA,periodic,1429,3.21,10.49,35.63,SCH31,16:00,F,yearling,53,2.7,NA,NA,NA,NA,1.33
7/19/2015,mid_summer,CHA,periodic,1429,3.21,10.49,35.63,SCH32,16:03,F,yearling,48,2.05,NA,NA,NA,NA,2.64
7/19/2015,mid_summer,CHA,periodic,1429,3.21,10.49,35.63,SCH33,16:13,F,yearling,54,3,NA,NA,NA,NA,9.64
7/19/2015,mid_summer,CHA,periodic,1429,3.21,10.49,35.63,SCH34,16:16,M,yearling,49,2.75,NA,NA,NA,NA,12.86
7/19/2015,mid_summer,CHA,periodic,1429,3.21,10.49,35.63,SCH35,16:16,M,yearling,52,3.1,NA,NA,NA,NA,8.26
7/19/2015,mid_summer,BAS,permanent,1515,95.65,9.04,38.5,SBG20,16:45,M,yearling,45,2.2,NA,NA,NA,NA,2.41
7/19/2015,mid_summer,BAS,permanent,1515,95.65,9.04,38.5,SBG21,16:48,F,yearling,53,2.5,NA,NA,NA,NA,19.37
7/19/2015,mid_summer,BAS,permanent,1515,95.65,9.04,38.5,SBG22,17:00,F,yearling,51,2,NA,NA,NA,NA,67.65
7/19/2015,mid_summer,BAS,permanent,1515,95.65,9.04,38.5,SBG23,17:00,F,yearling,46,1.6,NA,NA,NA,NA,15.58
7/19/2015,mid_summer,BAS,permanent,1515,95.65,9.04,38.5,SBG24,17:04,F,yearling,49,1.9,NA,NA,NA,NA,9.25
7/19/2015,mid_summer,BAS,permanent,1515,95.65,9.04,38.5,SBG25,17:04,M,yearling,50,2.75,NA,NA,NA,NA,7.43
7/19/2015,mid_summer,BAS,permanent,1515,95.65,9.04,38.5,SBG26,17:10,M,yearling,50,2.4,NA,NA,NA,NA,12.22
7/19/2015,mid_summer,BAS,permanent,1515,95.65,9.04,38.5,SBG27,17:10,M,yearling,51,2.55,NA,NA,NA,NA,10.27
7/19/2015,mid_summer,BAS,permanent,1515,95.65,9.04,38.5,SBG28,17:16,F,yearling,49,2.15,NA,NA,NA,NA,3
7/19/2015,mid_summer,BAS,permanent,1515,95.65,9.04,38.5,SBG29,17:20,F,yearling,48,1.8,NA,NA,NA,NA,6.75
7/19/2015,mid_summer,BAS,permanent,1515,95.65,9.04,38.5,SBG30,17:30,F,yearling,47,1.65,NA,NA,NA,NA,21.84
7/19/2015,mid_summer,BAS,permanent,1515,95.65,9.04,38.5,SBG31,17:35,M,yearling,48,2.5,NA,NA,NA,NA,2.41
7/19/2015,mid_summer,BAS,permanent,1515,95.65,9.04,38.5,SBG32,17:35,F,yearling,52,2.2,NA,NA,NA,NA,17.04
7/19/2015,mid_summer,BAS,permanent,1515,95.65,9.04,38.5,SBG33,17:40,M,yearling,48,1.8,NA,NA,NA,NA,8.42
7/19/2015,mid_summer,BAS,permanent,1515,95.65,9.04,38.5,SBG34,17:48,F,yearling,51,2.15,NA,NA,NA,NA,8.59
7/19/2015,mid_summer,BAS,permanent,1515,95.65,9.04,38.5,SBG35,17:50,M,yearling,43,1.5,NA,NA,NA,NA,8.94
7/19/2015,mid_summer,BAS,permanent,1515,95.65,9.04,38.5,SBG36,17:52,M,yearling,48,2.3,NA,NA,NA,NA,6.6
7/19/2015,mid_summer,BAS,permanent,1515,95.65,9.04,38.5,SBG37,18:10,M,yearling,51,2.25,NA,NA,NA,NA,20.36
7/19/2015,mid_summer,BAS,permanent,1515,95.65,9.04,38.5,SBG38,18:16,M,yearling,50,2.5,NA,NA,NA,NA,6.24
7/19/2015,mid_summer,BAS,permanent,1515,95.65,9.04,38.5,SBG39,18:30,F,yearling,50,2.3,NA,NA,NA,NA,4.71
7/20/2015,mid_summer,COM,permanent,1405,-2.17,10.2,29.93,SCM20,12:15,F,yearling,56,2.9,NA,NA,NA,NA,14.21
7/20/2015,mid_summer,COM,permanent,1405,-2.17,10.2,29.93,SCM21,12:35,M,yearling,52,2.8,NA,NA,NA,NA,10.41
7/20/2015,mid_summer,COM,permanent,1405,-2.17,10.2,29.93,SCM22,13:05,F,yearling,53,2.25,NA,NA,NA,NA,24.26
7/20/2015,mid_summer,COM,permanent,1405,-2.17,10.2,29.93,SCM23,13:15,M,yearling,51,2.7,NA,NA,NA,NA,4.99
7/20/2015,mid_summer,COM,permanent,1405,-2.17,10.2,29.93,SCM24,13:20,F,yearling,56,2.35,NA,NA,NA,NA,10.98
7/20/2015,mid_summer,COM,permanent,1405,-2.17,10.2,29.93,SCM25,13:25,F,yearling,55,3.25,NA,NA,NA,NA,8.78
7/20/2015,mid_summer,COM,permanent,1405,-2.17,10.2,29.93,SCM26,13:28,M,yearling,52,3.1,NA,NA,NA,NA,8.98
7/20/2015,mid_summer,COM,permanent,1405,-2.17,10.2,29.93,SCM27,13:40,M,yearling,50,2.2,NA,NA,NA,NA,19.28
7/20/2015,mid_summer,COM,permanent,1405,-2.17,10.2,29.93,SCM28,14:15,F,yearling,49,1.95,NA,NA,NA,NA,8.06
7/20/2015,mid_summer,COM,permanent,1405,-2.17,10.2,29.93,SCM29,14:25,F,yearling,55,2.9,NA,NA,NA,NA,12.07
7/20/2015,mid_summer,COM,permanent,1405,-2.17,10.2,29.93,SCM30,14:40,F,yearling,55,3.3,NA,NA,NA,NA,17.04
7/20/2015,mid_summer,COM,permanent,1405,-2.17,10.2,29.93,SCM31,14:42,F,yearling,50,2.3,NA,NA,NA,NA,5.46
7/20/2015,mid_summer,COM,permanent,1405,-2.17,10.2,29.93,SCM32,14:47,M,yearling,49,2.55,NA,NA,NA,NA,7.24
7/20/2015,mid_summer,COM,permanent,1405,-2.17,10.2,29.93,SCM33,15:04,F,yearling,52,2.45,NA,NA,NA,NA,13.68
7/20/2015,mid_summer,COM,permanent,1405,-2.17,10.2,29.93,SCM34,15:04,M,yearling,51,2.7,NA,NA,NA,NA,11.94
7/20/2015,mid_summer,COM,permanent,1405,-2.17,10.2,29.93,SCM35,15:04,M,yearling,50,2.5,NA,NA,NA,NA,9.34
7/20/2015,mid_summer,COM,permanent,1405,-2.17,10.2,29.93,SCM36,15:13,M,yearling,52,2.9,NA,NA,NA,NA,10.06
7/20/2015,mid_summer,COM,permanent,1405,-2.17,10.2,29.93,SCM37,15:23,M,yearling,51,2.65,NA,NA,NA,NA,6.14
7/20/2015,mid_summer,COM,permanent,1405,-2.17,10.2,29.93,SCM38,15:28,F,yearling,54,2.85,NA,NA,NA,NA,4.99
7/20/2015,mid_summer,COM,permanent,1405,-2.17,10.2,29.93,SCM39,15:30,F,yearling,51,1.95,NA,NA,NA,NA,10.73
7/21/2015,mid_summer,LAJ,periodic,1330,5.58,8.79,39.04,SLJ20,13:38,F,yearling,55,2.55,NA,NA,NA,NA,10.98
7/21/2015,mid_summer,LAJ,periodic,1330,5.58,8.79,39.04,SLJ21,13:50,M,yearling,47,2.25,NA,NA,NA,NA,6.99
7/21/2015,mid_summer,LAJ,periodic,1330,5.58,8.79,39.04,SLJ22,13:53,F,yearling,57,3.15,NA,NA,NA,NA,22.66
7/21/2015,mid_summer,LAJ,periodic,1330,5.58,8.79,39.04,SLJ23,13:55,M,yearling,55,3.1,NA,NA,NA,NA,10
7/21/2015,mid_summer,LAJ,periodic,1330,5.58,8.79,39.04,SLJ24,14:12,M,yearling,46,2,NA,NA,NA,NA,2.57
7/21/2015,mid_summer,LAJ,periodic,1330,5.58,8.79,39.04,SLJ25,14:30,M,yearling,50,3.1,NA,NA,NA,NA,3.4
7/21/2015,mid_summer,LAJ,periodic,1330,5.58,8.79,39.04,SLJ26,14:30,F,adult,60,2.6,NA,NA,NA,NA,5.31
7/21/2015,mid_summer,LAJ,periodic,1330,5.58,8.79,39.04,SLJ27,14:40,M,yearling,51,2.9,NA,NA,NA,NA,5.31
7/21/2015,mid_summer,LAJ,periodic,1330,5.58,8.79,39.04,SLJ28,14:55,F,yearling,55,2.85,NA,NA,NA,NA,3.32
7/21/2015,mid_summer,LAJ,periodic,1330,5.58,8.79,39.04,SLJ29,15:05,M,yearling,53,3.4,NA,NA,NA,NA,16.43
7/21/2015,mid_summer,LAJ,periodic,1330,5.58,8.79,39.04,SLJ30,15:10,M,yearling,51,2.55,NA,NA,NA,NA,6.09
7/21/2015,mid_summer,LAJ,periodic,1330,5.58,8.79,39.04,SLJ31,15:30,F,yearling,54,2.1,NA,NA,NA,NA,5.7
7/21/2015,mid_summer,LAJ,periodic,1330,5.58,8.79,39.04,SLJ32,15:48,M,yearling,52,2.9,NA,NA,NA,NA,14.93
7/21/2015,mid_summer,LAJ,periodic,1330,5.58,8.79,39.04,SLJ33,16:00,M,yearling,50,3,NA,NA,NA,NA,9.31
7/21/2015,mid_summer,LAJ,periodic,1330,5.58,8.79,39.04,SLJ34,16:10,M,yearling,55,3.7,NA,NA,NA,NA,10.63
7/21/2015,mid_summer,LAJ,periodic,1330,5.58,8.79,39.04,SLJ35,16:25,M,yearling,48,2.3,NA,NA,NA,NA,19.37
7/21/2015,mid_summer,LAJ,periodic,1330,5.58,8.79,39.04,SLJ36,16:35,F,yearling,47,1.4,NA,NA,NA,NA,32.51
7/21/2015,mid_summer,LAJ,periodic,1330,5.58,8.79,39.04,SLJ37,16:35,M,yearling,46,1.75,NA,NA,NA,NA,16.92
7/21/2015,mid_summer,LAJ,periodic,1330,5.58,8.79,39.04,SLJ38,16:40,F,yearling,52,2.5,NA,NA,NA,NA,23.95
7/21/2015,mid_summer,LAJ,periodic,1330,5.58,8.79,39.04,SLJ39,16:50,F,yearling,46,2.6,NA,NA,NA,NA,12.47
7/22/2015,mid_summer,COP,permanent,1375,41.18,7.16,44.74,SCP20,11:35,M,yearling,53,2.8,NA,NA,NA,NA,18.13
7/22/2015,mid_summer,COP,permanent,1375,41.18,7.16,44.74,SCP21,11:45,F,adult,56,2.75,NA,NA,NA,NA,20.29
7/22/2015,mid_summer,COP,permanent,1375,41.18,7.16,44.74,SCP22,11:50,M,yearling,51,2.8,NA,NA,NA,NA,15.17
7/22/2015,mid_summer,COP,permanent,1375,41.18,7.16,44.74,SCP23,11:53,M,yearling,53,3,NA,NA,NA,NA,15.99
7/22/2015,mid_summer,COP,permanent,1375,41.18,7.16,44.74,SCP24,12:01,F,yearling,53,2.4,NA,NA,NA,NA,30.06
7/22/2015,mid_summer,COP,permanent,1375,41.18,7.16,44.74,SCP25,12:02,F,yearling,52,2.35,NA,NA,NA,NA,20.2
7/22/2015,mid_summer,COP,permanent,1375,41.18,7.16,44.74,SCP26,12:06,F,yearling,51,2.05,NA,NA,NA,NA,21.51
7/22/2015,mid_summer,COP,permanent,1375,41.18,7.16,44.74,SCP27,12:40,M,yearling,53,3.1,NA,NA,NA,NA,12.07
7/22/2015,mid_summer,COP,permanent,1375,41.18,7.16,44.74,SCP28,12:45,M,yearling,53,3.35,NA,NA,NA,NA,13.4
7/22/2015,mid_summer,COP,permanent,1375,41.18,7.16,44.74,SCP29,12:55,M,yearling,55,3.2,NA,NA,NA,NA,5.13
7/22/2015,mid_summer,COP,permanent,1375,41.18,7.16,44.74,SCP30,13:00,F,yearling,57,2.4,NA,NA,NA,NA,26.27
7/22/2015,mid_summer,COP,permanent,1375,41.18,7.16,44.74,SCP31,13:00,F,yearling,55,2.75,NA,NA,NA,NA,13.59
7/22/2015,mid_summer,COP,permanent,1375,41.18,7.16,44.74,SCP32,13:00,M,yearling,50,2.8,NA,NA,NA,NA,18.21
7/22/2015,mid_summer,COP,permanent,1375,41.18,7.16,44.74,SCP33,13:00,M,yearling,52,2.85,NA,NA,NA,NA,23.45
7/22/2015,mid_summer,COP,permanent,1375,41.18,7.16,44.74,SCP34,13:15,M,yearling,52,2.8,NA,NA,NA,NA,21.31
7/22/2015,mid_summer,COP,permanent,1375,41.18,7.16,44.74,SCP35,13:15,M,yearling,53,3,NA,NA,NA,NA,17.28
7/22/2015,mid_summer,COP,permanent,1375,41.18,7.16,44.74,SCP36,13:15,M,yearling,52,3.05,NA,NA,NA,NA,9.4
7/22/2015,mid_summer,COP,permanent,1375,41.18,7.16,44.74,SCP37,13:20,M,yearling,55,3.7,NA,NA,NA,NA,22.55
7/22/2015,mid_summer,COP,permanent,1375,41.18,7.16,44.74,SCP38,13:25,F,yearling,54,2.5,NA,NA,NA,NA,10.63
7/22/2015,mid_summer,COP,permanent,1375,41.18,7.16,44.74,SCP39,13:35,M,yearling,50,2.4,NA,NA,NA,NA,17.67
7/22/2015,mid_summer,BEL,periodic,1418,42.37,8.8,33.96,SBL20,14:20,F,yearling,57,3.1,NA,NA,NA,NA,3.54
7/22/2015,mid_summer,BEL,periodic,1418,42.37,8.8,33.96,SBL21,14:30,F,yearling,55,2.55,NA,NA,NA,NA,10.27
7/22/2015,mid_summer,BEL,periodic,1418,42.37,8.8,33.96,SBL22,14:35,F,yearling,56,3,NA,NA,NA,NA,17.26
7/22/2015,mid_summer,BEL,periodic,1418,42.37,8.8,33.96,SBL23,14:35,F,yearling,58,2.3,NA,NA,NA,NA,12.97
7/22/2015,mid_summer,BEL,periodic,1418,42.37,8.8,33.96,SBL24,14:44,F,yearling,57,2.6,NA,NA,NA,NA,5.79
7/22/2015,mid_summer,BEL,periodic,1418,42.37,8.8,33.96,SBL25,14:50,M,yearling,56,3.5,NA,NA,NA,NA,14.93
7/22/2015,mid_summer,BEL,periodic,1418,42.37,8.8,33.96,SBL26,14:55,M,yearling,54,2.95,NA,NA,NA,NA,3.75
7/22/2015,mid_summer,BEL,periodic,1418,42.37,8.8,33.96,SBL27,14:55,F,yearling,63,4.2,NA,NA,NA,NA,8.78
7/22/2015,mid_summer,BEL,periodic,1418,42.37,8.8,33.96,SBL28,15:00,M,yearling,54,3.25,NA,NA,NA,NA,7.22
7/22/2015,mid_summer,BEL,periodic,1418,42.37,8.8,33.96,SBL29,15:10,M,yearling,52,2.85,NA,NA,NA,NA,8
7/22/2015,mid_summer,BEL,periodic,1418,42.37,8.8,33.96,SBL30,15:15,M,yearling,52,2.7,NA,NA,NA,NA,9.7
7/22/2015,mid_summer,BEL,periodic,1418,42.37,8.8,33.96,SBL31,15:15,F,yearling,47,1.75,NA,NA,NA,NA,12.07
7/22/2015,mid_summer,BEL,periodic,1418,42.37,8.8,33.96,SBL32,15:25,F,yearling,55,2.6,NA,NA,NA,NA,9.94
7/22/2015,mid_summer,BEL,periodic,1418,42.37,8.8,33.96,SBL33,15:25,M,yearling,47,1.9,NA,NA,NA,NA,13.36
7/22/2015,mid_summer,BEL,periodic,1418,42.37,8.8,33.96,SBL34,15:30,M,yearling,52,2.45,NA,NA,NA,NA,4.44
7/22/2015,mid_summer,BEL,periodic,1418,42.37,8.8,33.96,SBL35,16:10,M,yearling,51,2.45,NA,NA,NA,NA,9.4
7/23/2015,mid_summer,BEL,periodic,1418,42.37,8.8,33.96,SBL36,16:50,F,yearling,57,2.5,NA,NA,NA,NA,7.92
7/23/2015,mid_summer,BEL,periodic,1418,42.37,8.8,33.96,SBL37,17:00,M,yearling,47,1.95,NA,NA,NA,NA,15.39
7/23/2015,mid_summer,BEL,periodic,1418,42.37,8.8,33.96,SBL38,17:00,F,yearling,52,1.8,NA,NA,NA,NA,19.28
7/23/2015,mid_summer,BEL,periodic,1418,42.37,8.8,33.96,SBL39,17:05,F,yearling,42,1.4,NA,NA,NA,NA,13.47
7/23/2015,mid_summer,JOC,permanent,1296,164.71,8.77,35.78,SJC20,11:45,M,yearling,55,3.5,NA,NA,NA,NA,13.28
7/23/2015,mid_summer,JOC,permanent,1296,164.71,8.77,35.78,SJC21,11:55,F,adult,61,3.7,NA,NA,NA,NA,21.13
7/23/2015,mid_summer,JOC,permanent,1296,164.71,8.77,35.78,SJC22,12:00,F,yearling,55,2.4,NA,NA,NA,NA,21.41
7/23/2015,mid_summer,JOC,permanent,1296,164.71,8.77,35.78,SJC23,12:00,F,yearling,55,2.4,NA,NA,NA,NA,22.66
7/23/2015,mid_summer,JOC,permanent,1296,164.71,8.77,35.78,SJC24,12:00,M,yearling,52,2.65,NA,NA,NA,NA,14.93
7/23/2015,mid_summer,JOC,permanent,1296,164.71,8.77,35.78,SJC25,12:05,M,yearling,50,2.95,NA,NA,NA,NA,8.06
7/23/2015,mid_summer,JOC,permanent,1296,164.71,8.77,35.78,SJC26,12:10,F,yearling,51,2.05,NA,NA,NA,NA,16.24
7/23/2015,mid_summer,JOC,permanent,1296,164.71,8.77,35.78,SJC27,12:15,M,yearling,51,2.7,NA,NA,NA,NA,6.81
7/23/2015,mid_summer,JOC,permanent,1296,164.71,8.77,35.78,SJC28,12:20,M,yearling,49,2.3,NA,NA,NA,NA,4.13
7/23/2015,mid_summer,JOC,permanent,1296,164.71,8.77,35.78,SJC29,12:20,F,yearling,52,1.9,NA,NA,NA,NA,77.5
7/23/2015,mid_summer,JOC,permanent,1296,164.71,8.77,35.78,SJC30,12:25,M,yearling,50,2.9,NA,NA,NA,NA,21.4
7/23/2015,mid_summer,JOC,permanent,1296,164.71,8.77,35.78,SJC31,12:35,F,yearling,56,2.55,NA,NA,NA,NA,19.74
7/23/2015,mid_summer,JOC,permanent,1296,164.71,8.77,35.78,SJC32,12:45,M,yearling,54,3.5,NA,NA,NA,NA,16.51
7/23/2015,mid_summer,JOC,permanent,1296,164.71,8.77,35.78,SJC33,12:50,M,yearling,52,2.1,NA,NA,NA,NA,11.55
7/23/2015,mid_summer,JOC,permanent,1296,164.71,8.77,35.78,SJC34,13:05,F,yearling,49,2.1,NA,NA,NA,NA,9.82
7/23/2015,mid_summer,JOC,permanent,1296,164.71,8.77,35.78,SJC35,13:05,M,yearling,51,2.7,NA,NA,NA,NA,22.57
7/23/2015,mid_summer,JOC,permanent,1296,164.71,8.77,35.78,SJC36,13:05,M,yearling,53,3.7,NA,NA,NA,NA,10.18
7/23/2015,mid_summer,JOC,permanent,1296,164.71,8.77,35.78,SJC37,13:05,F,yearling,54,3,NA,NA,NA,NA,54.31
7/23/2015,mid_summer,JOC,permanent,1296,164.71,8.77,35.78,SJC38,13:10,F,yearling,54,2.5,NA,NA,NA,NA,15.98
7/23/2015,mid_summer,JOC,permanent,1296,164.71,8.77,35.78,SJC39,13:15,F,yearling,54,2.5,NA,NA,NA,NA,18.7
7/23/2015,mid_summer,JOC,permanent,1296,164.71,8.77,35.78,SJC40,13:15,F,yearling,55,2.5,NA,NA,NA,NA,16.21
7/23/2015,mid_summer,JON,periodic,1390,24.31,10.06,33.73,SJN20,14:10,F,yearling,55,2.65,NA,NA,NA,NA,18.39
7/23/2015,mid_summer,JON,periodic,1390,24.31,10.06,33.73,SJN21,14:15,M,yearling,52,2.8,NA,NA,NA,NA,6.93
7/23/2015,mid_summer,JON,periodic,1390,24.31,10.06,33.73,SJN22,14:20,F,yearling,55,2.95,NA,NA,NA,NA,9.79
7/23/2015,mid_summer,JON,periodic,1390,24.31,10.06,33.73,SJN23,14:35,M,yearling,52,2.5,NA,NA,NA,NA,22.57
7/23/2015,mid_summer,JON,periodic,1390,24.31,10.06,33.73,SJN24,14:20,F,yearling,52,2.3,NA,NA,NA,NA,17.86
7/23/2015,mid_summer,JON,periodic,1390,24.31,10.06,33.73,SJN25,14:35,F,yearling,57,3.8,NA,NA,NA,NA,5.33
7/23/2015,mid_summer,JON,periodic,1390,24.31,10.06,33.73,SJN26,14:45,M,yearling,56,3.45,NA,NA,NA,NA,34.33
7/23/2015,mid_summer,JON,periodic,1390,24.31,10.06,33.73,SJN27,14:45,M,yearling,55,3.75,NA,NA,NA,NA,27.18
7/23/2015,mid_summer,JON,periodic,1390,24.31,10.06,33.73,SJN28,14:50,M,yearling,53,4,NA,NA,NA,NA,14.69
7/23/2015,mid_summer,JON,periodic,1390,24.31,10.06,33.73,SJN29,15:00,F,yearling,58,3.3,NA,NA,NA,NA,23.74
7/23/2015,mid_summer,JON,periodic,1390,24.31,10.06,33.73,SJN30,15:03,F,yearling,54,2.45,NA,NA,NA,NA,10.77
7/23/2015,mid_summer,JON,periodic,1390,24.31,10.06,33.73,SJN31,15:12,F,yearling,61,3.65,NA,NA,NA,NA,12.39
7/23/2015,mid_summer,JON,periodic,1390,24.31,10.06,33.73,SJN32,15:16,F,yearling,51,2.2,NA,NA,NA,NA,22.57
7/23/2015,mid_summer,JON,periodic,1390,24.31,10.06,33.73,SJN33,15:20,F,yearling,55,NA,NA,NA,NA,NA,29.07
7/23/2015,mid_summer,JON,periodic,1390,24.31,10.06,33.73,SJN34,15:20,F,yearling,58,2.55,NA,NA,NA,NA,17.35
7/23/2015,mid_summer,JON,periodic,1390,24.31,10.06,33.73,SJN35,15:25,F,yearling,58,2.6,NA,NA,NA,NA,15.91
7/23/2015,mid_summer,JON,periodic,1390,24.31,10.06,33.73,SJN36,15:30,F,yearling,58,3,NA,NA,NA,NA,16.66
7/23/2015,mid_summer,JON,periodic,1390,24.31,10.06,33.73,SJN37,15:30,M,yearling,53,3.5,NA,NA,NA,NA,15.54
7/23/2015,mid_summer,JON,periodic,1390,24.31,10.06,33.73,SJN38,15:30,M,yearling,51,2.9,NA,NA,NA,NA,11.29
7/23/2015,mid_summer,JON,periodic,1390,24.31,10.06,33.73,SJN39,15:30,M,yearling,54,3.7,NA,NA,NA,NA,2.42
